year,as_of,rank,ticker,name,sector,avg_dollar_volume_usd_mn
2010,2010-01-01,1,BAC,Bank of America Corp.,Financials,2811.7
2010,2010-01-01,2,AAPL,Apple Inc.,Information Technology,2378.0
2010,2010-01-01,3,GS,Goldman Sachs Group,Financials,1478.7
2010,2010-01-01,4,GOOG,Google Inc.,Information Technology,1435.7
2010,2010-01-01,5,C,Citigroup Inc.,Financials,1369.4
2010,2010-01-01,6,JPM,JPMorgan Chase & Co.,Financials,1340.2
2010,2010-01-01,7,WFC,Wells Fargo,Financials,1289.1
2010,2010-01-01,8,XOM,Exxon Mobil Corp.,Energy,1080.9
2010,2010-01-01,9,GE,General Electric,Industrials,1036.4
2010,2010-01-01,10,MSFT,Microsoft Corp.,Information Technology,1027.2
2010,2010-01-01,11,AMZN,Amazon Corp.,Consumer Discretionary,752.3
2010,2010-01-01,12,INTC,Intel Corp.,Information Technology,695.9
2010,2010-01-01,13,WMT,Wal-Mart Stores,Consumer Staples,681.6
2010,2010-01-01,14,FCX,Freeport-McMoran Cp & Gld,Materials,653.7
2010,2010-01-01,15,CSCO,Cisco Systems,Information Technology,633.1
2010,2010-01-01,16,MS,Morgan Stanley,Financials,538.2
2010,2010-01-01,17,ORCL,Oracle Corp.,Information Technology,528.5
2010,2010-01-01,18,FSLR,First Solar Inc,Industrials,515.8
2010,2010-01-01,19,QCOM,QUALCOMM Inc.,Information Technology,493.6
2010,2010-01-01,20,IBM,International Bus. Machines,Information Technology,489.2
2010,2010-01-01,21,JNJ,Johnson & Johnson,Health Care,457.8
2010,2010-01-01,22,PG,Procter & Gamble,Consumer Staples,436.6
2010,2010-01-01,23,PFE,Pfizer Inc.,Health Care,421.0
2010,2010-01-01,24,HPQ,Hewlett-Packard,Information Technology,418.4
2010,2010-01-01,25,CVX,Chevron Corp.,Energy,415.0
2010,2010-01-01,26,MA,Mastercard Inc.,Information Technology,408.0
2010,2010-01-01,27,AIG,American International Group,Financials,379.0
2010,2010-01-01,28,SLB,Schlumberger Ltd.,Energy,362.2
2010,2010-01-01,29,AXP,American Express,Financials,360.2
2010,2010-01-01,30,MCD,McDonald's Corp.,Consumer Discretionary,338.4
2010,2010-01-01,31,COP,ConocoPhillips,Energy,332.5
2010,2010-01-01,32,AA,Alcoa Inc,Materials,329.7
2010,2010-01-01,33,CAT,Caterpillar Inc.,Industrials,329.5
2010,2010-01-01,34,KO,Coca Cola Co.,Consumer Staples,316.5
2010,2010-01-01,35,MRK,Merck & Co.,Health Care,305.7
2010,2010-01-01,36,AMGN,Amgen,Health Care,303.5
2010,2010-01-01,37,ABT,Abbott Laboratories,Health Care,298.2
2010,2010-01-01,38,HD,Home Depot,Consumer Discretionary,281.3
2010,2010-01-01,39,USB,U.S. Bancorp,Financials,280.6
2010,2010-01-01,40,EBAY,eBay Inc.,Information Technology,276.7
2010,2010-01-01,41,DIS,Walt Disney Co.,Consumer Discretionary,274.7
2010,2010-01-01,42,OXY,Occidental Petroleum,Energy,268.5
2010,2010-01-01,43,HAL,Halliburton Co.,Energy,264.1
2010,2010-01-01,44,CVS,CVS Caremark Corp.,Consumer Staples,260.9
2010,2010-01-01,45,PEP,PepsiCo Inc.,Consumer Staples,260.7
2010,2010-01-01,46,GILD,Gilead Sciences,Health Care,256.6
2010,2010-01-01,47,NEM,Newmont Mining Corp. (Hldg. Co.),Materials,253.1
2010,2010-01-01,48,TGT,Target Corp.,Consumer Discretionary,250.9
2010,2010-01-01,49,UNH,United Health Group Inc.,Health Care,245.6
2010,2010-01-01,50,CMCSA,Comcast Corp.,Consumer Discretionary,239.1
2010,2010-01-01,51,COF,Capital One Financial,Financials,236.6
2010,2010-01-01,52,APA,Apache Corp.,Energy,234.8
2010,2010-01-01,53,F,Ford Motor,Consumer Discretionary,231.9
2010,2010-01-01,54,BA,Boeing Company,Industrials,230.0
2010,2010-01-01,55,LOW,Lowe's Cos.,Consumer Discretionary,225.7
2010,2010-01-01,56,STT,State Street Corp.,Financials,225.2
2010,2010-01-01,57,TXN,Texas Instruments,Information Technology,225.0
2010,2010-01-01,58,T,AT&T Inc.,Telecommunications Services,223.4
2010,2010-01-01,59,VZ,Verizon Communications,Telecommunications Services,214.9
2010,2010-01-01,60,ADBE,Adobe Systems,Information Technology,204.0
2010,2010-01-01,61,NVDA,Nvidia Corporation,Information Technology,202.9
2010,2010-01-01,62,BMY,Bristol-Myers Squibb,Health Care,202.7
2010,2010-01-01,63,PNC,PNC Financial Services,Financials,200.0
2010,2010-01-01,64,DVN,Devon Energy Corp.,Energy,196.9
2010,2010-01-01,65,HIG,Hartford Financial Svc.Gp.,Financials,192.1
2010,2010-01-01,66,DD,Du Pont (E.I.),Materials,191.1
2010,2010-01-01,67,AMAT,Applied Materials,Information Technology,189.6
2010,2010-01-01,68,UNP,Union Pacific,Industrials,186.3
2010,2010-01-01,69,SCHW,Charles Schwab,Financials,186.0
2010,2010-01-01,70,NOV,National Oilwell Varco Inc.,Energy,184.1
2010,2010-01-01,71,FDX,FedEx Corporation,Industrials,178.3
2010,2010-01-01,72,BAX,Baxter International Inc.,Health Care,177.7
2010,2010-01-01,73,ISRG,Intuitive Surgical Inc.,Health Care,177.4
2010,2010-01-01,74,TRV,The Travelers Companies Inc.,Financials,174.9
2010,2010-01-01,75,PM,Philip Morris International,Consumer Staples,174.9
2010,2010-01-01,76,MMM,3M Company,Industrials,173.1
2010,2010-01-01,77,COST,Costco Co.,Consumer Staples,173.0
2010,2010-01-01,78,DE,Deere & Co.,Industrials,171.9
2010,2010-01-01,79,EOG,EOG Resources,Energy,170.1
2010,2010-01-01,80,MDT,Medtronic Inc.,Health Care,167.2
2010,2010-01-01,81,TMO,Thermo Fisher Scientific,Health Care,163.8
2010,2010-01-01,82,NUE,Nucor Corp.,Materials,162.9
2010,2010-01-01,83,CSX,CSX Corp.,Industrials,162.7
2010,2010-01-01,84,SPG,Simon Property Group Inc,Financials,161.9
2010,2010-01-01,85,MET,MetLife Inc.,Financials,161.5
2010,2010-01-01,86,BIIB,BIOGEN IDEC Inc.,Health Care,160.7
2010,2010-01-01,87,AZO,AutoZone Inc.,Consumer Discretionary,158.9
2010,2010-01-01,88,BBY,Best Buy Co. Inc.,Consumer Discretionary,156.8
2010,2010-01-01,89,CME,CME Group Inc.,Financials,154.8
2010,2010-01-01,90,GLW,Corning Inc.,Information Technology,153.3
2010,2010-01-01,91,NKE,NIKE Inc.,Consumer Discretionary,152.9
2010,2010-01-01,92,CL,Colgate-Palmolive,Consumer Staples,150.7
2010,2010-01-01,93,LMT,Lockheed Martin Corp.,Industrials,149.3
2010,2010-01-01,94,BSX,Boston Scientific,Health Care,147.8
2010,2010-01-01,95,UPS,United Parcel Service,Industrials,145.1
2010,2010-01-01,96,LLY,Lilly (Eli) & Co.,Health Care,144.3
2010,2010-01-01,97,HON,Honeywell Int'l Inc.,Industrials,143.2
2010,2010-01-01,98,FLR,Fluor Corp.,Industrials,141.3
2010,2010-01-01,99,ICE,IntercontinentalExchange Inc.,Financials,139.8
2010,2010-01-01,100,SBUX,Starbucks Corp.,Consumer Discretionary,138.1
2011,2011-01-01,1,AAPL,Apple Inc.,Information Technology,4570.2
2011,2011-01-01,2,BAC,Bank of America Corp,Financials,2119.2
2011,2011-01-01,3,C,Citigroup Inc.,Financials,1706.4
2011,2011-01-01,4,GOOG,Google Inc.,Information Technology,1690.9
2011,2011-01-01,5,MSFT,Microsoft Corp.,Information Technology,1274.4
2011,2011-01-01,6,GS,Goldman Sachs Group,Financials,1255.5
2011,2011-01-01,7,JPM,JPMorgan Chase & Co.,Financials,1091.2
2011,2011-01-01,8,AMZN,Amazon.com Inc,Consumer Discretionary,992.9
2011,2011-01-01,9,XOM,Exxon Mobil Corp.,Energy,928.0
2011,2011-01-01,10,INTC,Intel Corp.,Information Technology,910.8
2011,2011-01-01,11,CSCO,Cisco Systems,Information Technology,877.3
2011,2011-01-01,12,GE,General Electric,Industrials,873.4
2011,2011-01-01,13,FCX,Freeport-McMoran Cp & Gld,Materials,775.9
2011,2011-01-01,14,WFC,Wells Fargo,Financials,753.2
2011,2011-01-01,15,ORCL,Oracle Corp.,Information Technology,646.0
2011,2011-01-01,16,F,Ford Motor,Consumer Discretionary,604.7
2011,2011-01-01,17,QCOM,QUALCOMM Inc.,Information Technology,573.8
2011,2011-01-01,18,HPQ,Hewlett-Packard,Information Technology,536.2
2011,2011-01-01,19,WMT,Wal-Mart Stores,Consumer Staples,509.7
2011,2011-01-01,20,SLB,Schlumberger Ltd.,Energy,496.0
2011,2011-01-01,21,IBM,International Bus. Machines,Information Technology,479.2
2011,2011-01-01,22,JNJ,Johnson & Johnson,Health Care,469.8
2011,2011-01-01,23,V,Visa Inc.,Information Technology,468.7
2011,2011-01-01,24,PFE,Pfizer Inc.,Health Care,465.7
2011,2011-01-01,25,PG,Procter & Gamble,Consumer Staples,463.5
2011,2011-01-01,26,CVX,Chevron Corp.,Energy,417.2
2011,2011-01-01,27,HAL,Halliburton Co.,Energy,390.0
2011,2011-01-01,28,CAT,Caterpillar Inc.,Industrials,389.5
2011,2011-01-01,29,AXP,American Express Co,Financials,361.0
2011,2011-01-01,30,AA,Alcoa Inc,Materials,356.7
2011,2011-01-01,31,KO,Coca Cola Co.,Consumer Staples,351.7
2011,2011-01-01,32,EBAY,eBay Inc.,Information Technology,349.4
2011,2011-01-01,33,DIS,Walt Disney Co.,Consumer Discretionary,343.6
2011,2011-01-01,34,MA,Mastercard Inc.,Information Technology,340.9
2011,2011-01-01,35,HD,Home Depot,Consumer Discretionary,334.5
2011,2011-01-01,36,MS,Morgan Stanley,Financials,326.2
2011,2011-01-01,37,COP,ConocoPhillips,Energy,320.7
2011,2011-01-01,38,MRK,Merck & Co.,Health Care,318.1
2011,2011-01-01,39,GILD,Gilead Sciences,Health Care,307.1
2011,2011-01-01,40,BA,Boeing Company,Industrials,304.8
2011,2011-01-01,41,NEM,Newmont Mining Corp. (Hldg. Co.),Materials,302.9
2011,2011-01-01,42,MCD,McDonald's Corp.,Consumer Discretionary,301.0
2011,2011-01-01,43,MU,Micron Technology,Information Technology,283.0
2011,2011-01-01,44,CLF,Cliffs Natural Resources,Materials,280.4
2011,2011-01-01,45,CMCSA,Comcast Corp.,Consumer Discretionary,279.6
2011,2011-01-01,46,ADBE,Adobe Systems Inc,Information Technology,279.6
2011,2011-01-01,47,ABT,Abbott Laboratories,Health Care,279.0
2011,2011-01-01,48,APA,Apache Corporation,Energy,274.8
2011,2011-01-01,49,PEP,PepsiCo Inc.,Consumer Staples,272.6
2011,2011-01-01,50,OXY,Occidental Petroleum,Energy,269.6
2011,2011-01-01,51,CRM,Salesforce.com,Information Technology,261.7
2011,2011-01-01,52,FSLR,First Solar Inc,Industrials,260.4
2011,2011-01-01,53,VZ,Verizon Communications,Telecommunications Services,252.7
2011,2011-01-01,54,UNH,United Health Group Inc.,Health Care,251.3
2011,2011-01-01,55,AMGN,Amgen Inc,Health Care,249.1
2011,2011-01-01,56,TXN,Texas Instruments,Information Technology,246.0
2011,2011-01-01,57,T,AT&T Inc,Telecommunications Services,239.5
2011,2011-01-01,58,LOW,Lowe's Cos.,Consumer Discretionary,239.0
2011,2011-01-01,59,CVS,CVS Caremark Corp.,Consumer Staples,233.1
2011,2011-01-01,60,NVDA,Nvidia Corporation,Information Technology,225.0
2011,2011-01-01,61,AMAT,Applied Materials Inc,Information Technology,216.2
2011,2011-01-01,62,MMM,3M Co,Industrials,211.5
2011,2011-01-01,63,FDX,FedEx Corporation,Industrials,211.1
2011,2011-01-01,64,DE,Deere & Co.,Industrials,210.3
2011,2011-01-01,65,AIG,American Intl Group Inc,Financials,209.1
2011,2011-01-01,66,NTAP,NetApp,Information Technology,206.2
2011,2011-01-01,67,USB,U.S. Bancorp,Financials,203.5
2011,2011-01-01,68,AMD,Advanced Micro Devices,Information Technology,203.2
2011,2011-01-01,69,TGT,Target Corp.,Consumer Discretionary,201.5
2011,2011-01-01,70,MET,MetLife Inc.,Financials,195.5
2011,2011-01-01,71,DD,Du Pont (E.I.),Materials,194.2
2011,2011-01-01,72,NOV,National Oilwell Varco Inc.,Energy,191.7
2011,2011-01-01,73,COF,Capital One Financial,Financials,191.5
2011,2011-01-01,74,UNP,Union Pacific,Industrials,190.5
2011,2011-01-01,75,PM,Philip Morris International,Consumer Staples,190.4
2011,2011-01-01,76,PNC,PNC Financial Services,Financials,189.4
2011,2011-01-01,77,GLW,Corning Inc.,Industrials,188.2
2011,2011-01-01,78,EOG,EOG Resources,Energy,186.1
2011,2011-01-01,79,AKAM,Akamai Technologies Inc,Information Technology,183.6
2011,2011-01-01,80,ISRG,Intuitive Surgical Inc.,Health Care,182.6
2011,2011-01-01,81,BMY,Bristol-Myers Squibb,Health Care,182.1
2011,2011-01-01,82,UPS,United Parcel Service,Industrials,178.7
2011,2011-01-01,83,BAX,Baxter International Inc.,Health Care,175.6
2011,2011-01-01,84,CNX,CONSOL Energy Inc.,Energy,173.8
2011,2011-01-01,85,LLY,Lilly (Eli) & Co.,Health Care,172.1
2011,2011-01-01,86,MDT,Medtronic Inc.,Health Care,171.9
2011,2011-01-01,87,DVN,Devon Energy Corp.,Energy,170.7
2011,2011-01-01,88,NKE,NIKE Inc.,Consumer Discretionary,170.4
2011,2011-01-01,89,TMO,Thermo Fisher Scientific,Health Care,166.7
2011,2011-01-01,90,CSX,CSX Corp.,Industrials,165.9
2011,2011-01-01,91,COST,Costco Co.,Consumer Staples,164.8
2011,2011-01-01,92,HON,Honeywell Int'l Inc.,Industrials,164.1
2011,2011-01-01,93,SBUX,Starbucks Corp.,Consumer Discretionary,162.9
2011,2011-01-01,94,SCHW,Charles Schwab,Financials,162.5
2011,2011-01-01,95,TRV,The Travelers Companies Inc.,Financials,162.0
2011,2011-01-01,96,BSX,Boston Scientific,Health Care,160.8
2011,2011-01-01,97,BBY,Best Buy Co. Inc.,Consumer Discretionary,157.8
2011,2011-01-01,98,CF,CF Industries Holdings Inc,Materials,157.2
2011,2011-01-01,99,CTSH,Cognizant Technology Solutions,Information Technology,157.1
2011,2011-01-01,100,WYNN,Wynn Resorts Ltd,Consumer Discretionary,156.8
2012,2012-01-01,1,AAPL,Apple Inc.,Information Technology,5377.9
2012,2012-01-01,2,GOOG,Google Inc.,Information Technology,1728.5
2012,2012-01-01,3,BAC,Bank of America Corp,Financials,1493.4
2012,2012-01-01,4,C,Citigroup Inc.,Financials,1320.0
2012,2012-01-01,5,MSFT,Microsoft Corp.,Information Technology,1214.0
2012,2012-01-01,6,AMZN,Amazon.com Inc,Consumer Discretionary,1145.4
2012,2012-01-01,7,NFLX,NetFlix Inc.,Information Technology,1104.0
2012,2012-01-01,8,JPM,JPMorgan Chase & Co.,Financials,982.6
2012,2012-01-01,9,XOM,Exxon Mobil Corp.,Energy,966.3
2012,2012-01-01,10,INTC,Intel Corp.,Information Technology,920.4
2012,2012-01-01,11,GE,General Electric,Industrials,858.1
2012,2012-01-01,12,ORCL,Oracle Corp.,Information Technology,782.0
2012,2012-01-01,13,CSCO,Cisco Systems,Information Technology,758.3
2012,2012-01-01,14,FCX,Freeport-McMoran Cp & Gld,Materials,705.6
2012,2012-01-01,15,WFC,Wells Fargo,Financials,688.1
2012,2012-01-01,16,GS,Goldman Sachs Group,Financials,636.4
2012,2012-01-01,17,CAT,Caterpillar Inc.,Industrials,569.9
2012,2012-01-01,18,IBM,International Bus. Machines,Information Technology,568.4
2012,2012-01-01,19,QCOM,QUALCOMM Inc.,Information Technology,568.2
2012,2012-01-01,20,SLB,Schlumberger Ltd.,Energy,525.4
2012,2012-01-01,21,JNJ,Johnson & Johnson,Health Care,512.5
2012,2012-01-01,22,PFE,Pfizer Inc.,Health Care,500.1
2012,2012-01-01,23,CVX,Chevron Corp.,Energy,494.3
2012,2012-01-01,24,HAL,Halliburton Co.,Energy,490.6
2012,2012-01-01,25,WMT,Wal-Mart Stores,Consumer Staples,483.7
2012,2012-01-01,26,F,Ford Motor,Consumer Discretionary,471.6
2012,2012-01-01,27,HPQ,Hewlett-Packard,Information Technology,456.2
2012,2012-01-01,28,PG,Procter & Gamble,Consumer Staples,430.2
2012,2012-01-01,29,BRK-B,Berkshire Hathaway,Financials,424.9
2012,2012-01-01,30,V,Visa Inc.,Information Technology,414.9
2012,2012-01-01,31,COP,ConocoPhillips,Energy,407.8
2012,2012-01-01,32,KO,Coca Cola Co.,Consumer Staples,380.5
2012,2012-01-01,33,DIS,Walt Disney Co.,Consumer Discretionary,375.8
2012,2012-01-01,34,MCD,McDonald's Corp.,Consumer Discretionary,373.0
2012,2012-01-01,35,NVDA,Nvidia Corporation,Information Technology,368.7
2012,2012-01-01,36,CRM,Salesforce.com,Information Technology,363.0
2012,2012-01-01,37,AA,Alcoa Inc,Materials,352.1
2012,2012-01-01,38,MRK,Merck & Co.,Health Care,347.2
2012,2012-01-01,39,MOS,The Mosaic Company,Materials,344.9
2012,2012-01-01,40,EBAY,eBay Inc.,Information Technology,335.8
2012,2012-01-01,41,PEP,PepsiCo Inc.,Consumer Staples,320.6
2012,2012-01-01,42,MA,Mastercard Inc.,Information Technology,320.1
2012,2012-01-01,43,ABT,Abbott Laboratories,Health Care,315.2
2012,2012-01-01,44,BA,Boeing Company,Industrials,311.7
2012,2012-01-01,45,MS,Morgan Stanley,Financials,310.5
2012,2012-01-01,46,MU,Micron Technology,Information Technology,306.6
2012,2012-01-01,47,OXY,Occidental Petroleum,Energy,304.3
2012,2012-01-01,48,AXP,American Express Co,Financials,302.1
2012,2012-01-01,49,NEM,Newmont Mining Corp. (Hldg. Co.),Materials,301.3
2012,2012-01-01,50,FFIV,F5 Networks,Information Technology,300.2
2012,2012-01-01,51,DE,Deere & Co.,Industrials,299.7
2012,2012-01-01,52,CMCSA,Comcast Corp.,Consumer Discretionary,296.7
2012,2012-01-01,53,T,AT&T Inc,Telecommunications Services,292.9
2012,2012-01-01,54,HD,Home Depot,Consumer Discretionary,290.4
2012,2012-01-01,55,VZ,Verizon Communications,Telecommunications Services,280.3
2012,2012-01-01,56,UNH,United Health Group Inc.,Health Care,271.3
2012,2012-01-01,57,CLF,Cliffs Natural Resources,Materials,267.5
2012,2012-01-01,58,NOV,National Oilwell Varco Inc.,Energy,267.2
2012,2012-01-01,59,LOW,Lowe's Cos.,Consumer Discretionary,266.7
2012,2012-01-01,60,CMG,Chipotle Mexican Grill,Consumer Discretionary,265.7
2012,2012-01-01,61,APA,Apache Corporation,Energy,263.6
2012,2012-01-01,62,AMGN,Amgen Inc,Health Care,259.4
2012,2012-01-01,63,CF,CF Industries Holdings Inc,Materials,244.7
2012,2012-01-01,64,CVS,CVS Caremark Corp.,Consumer Staples,243.4
2012,2012-01-01,65,PM,Philip Morris International,Consumer Staples,240.3
2012,2012-01-01,66,MET,MetLife Inc.,Financials,240.1
2012,2012-01-01,67,TGT,Target Corp.,Consumer Discretionary,238.8
2012,2012-01-01,68,WYNN,Wynn Resorts Ltd,Consumer Discretionary,237.4
2012,2012-01-01,69,TXN,Texas Instruments,Information Technology,234.7
2012,2012-01-01,70,FSLR,First Solar Inc,Industrials,232.1
2012,2012-01-01,71,GILD,Gilead Sciences,Health Care,228.5
2012,2012-01-01,72,NTAP,NetApp,Information Technology,227.8
2012,2012-01-01,73,MMM,3M Co.,Industrials,226.8
2012,2012-01-01,74,LLY,Lilly (Eli) & Co.,Health Care,216.1
2012,2012-01-01,75,USB,U.S. Bancorp,Financials,215.4
2012,2012-01-01,76,BMY,Bristol-Myers Squibb,Health Care,214.8
2012,2012-01-01,77,NKE,NIKE Inc.,Consumer Discretionary,214.7
2012,2012-01-01,78,CMI,Cummins Inc.,Industrials,213.8
2012,2012-01-01,79,UNP,Union Pacific,Industrials,213.2
2012,2012-01-01,80,SBUX,Starbucks Corp.,Consumer Discretionary,211.2
2012,2012-01-01,81,ACN,Accenture,Information Technology,210.3
2012,2012-01-01,82,DD,Du Pont (E.I.),Materials,209.5
2012,2012-01-01,83,GLW,Corning Inc.,Industrials,204.3
2012,2012-01-01,84,FDX,FedEx Corporation,Industrials,201.1
2012,2012-01-01,85,COF,Capital One Financial,Financials,195.4
2012,2012-01-01,86,UPS,United Parcel Service,Industrials,194.1
2012,2012-01-01,87,BIIB,BIOGEN IDEC Inc.,Health Care,193.4
2012,2012-01-01,88,AIG,American Intl Group Inc,Financials,187.7
2012,2012-01-01,89,ADBE,Adobe Systems Inc,Information Technology,186.7
2012,2012-01-01,90,EMR,Emerson Electric,Industrials,185.5
2012,2012-01-01,91,HON,Honeywell Int'l Inc.,Industrials,185.4
2012,2012-01-01,92,AMAT,Applied Materials Inc,Information Technology,185.0
2012,2012-01-01,93,CSX,CSX Corp.,Industrials,184.9
2012,2012-01-01,94,EOG,EOG Resources,Energy,178.9
2012,2012-01-01,95,CTSH,Cognizant Technology Solutions,Information Technology,176.4
2012,2012-01-01,96,AKAM,Akamai Technologies Inc,Information Technology,172.5
2012,2012-01-01,97,TRV,The Travelers Companies Inc.,Financials,166.2
2012,2012-01-01,98,MDT,Medtronic Inc.,Health Care,165.1
2012,2012-01-01,99,CNX,CONSOL Energy Inc.,Energy,164.5
2012,2012-01-01,100,PNC,PNC Financial Services,Financials,164.4
2013,2013-01-01,1,AAPL,Apple Inc.,Information Technology,9085.6
2013,2013-01-01,2,GOOG,Google Inc.,Information Technology,1658.8
2013,2013-01-01,3,BAC,Bank of America Corp,Financials,1274.6
2013,2013-01-01,4,MSFT,Microsoft Corp.,Information Technology,1116.4
2013,2013-01-01,5,C,Citigroup Inc.,Financials,960.3
2013,2013-01-01,6,AMZN,Amazon.com Inc,Consumer Discretionary,903.1
2013,2013-01-01,7,JPM,JPMorgan Chase & Co.,Financials,869.8
2013,2013-01-01,8,XOM,Exxon Mobil Corp.,Energy,736.0
2013,2013-01-01,9,INTC,Intel Corp.,Information Technology,730.0
2013,2013-01-01,10,GE,General Electric,Industrials,720.6
2013,2013-01-01,11,ORCL,Oracle Corp.,Information Technology,643.6
2013,2013-01-01,12,WFC,Wells Fargo,Financials,590.7
2013,2013-01-01,13,JNJ,Johnson & Johnson,Health Care,533.5
2013,2013-01-01,14,QCOM,QUALCOMM Inc.,Information Technology,511.6
2013,2013-01-01,15,FCX,Freeport-McMoran Cp & Gld,Materials,508.4
2013,2013-01-01,16,CSCO,Cisco Systems,Information Technology,504.7
2013,2013-01-01,17,NFLX,NetFlix Inc.,Information Technology,500.3
2013,2013-01-01,18,PG,Procter & Gamble,Consumer Staples,472.8
2013,2013-01-01,19,IBM,International Bus. Machines,Information Technology,471.0
2013,2013-01-01,20,WMT,Wal-Mart Stores,Consumer Staples,463.8
2013,2013-01-01,21,CAT,Caterpillar Inc.,Industrials,460.9
2013,2013-01-01,22,AIG,American Intl Group Inc,Financials,436.3
2013,2013-01-01,23,GS,Goldman Sachs Group,Financials,432.3
2013,2013-01-01,24,PFE,Pfizer Inc.,Health Care,427.1
2013,2013-01-01,25,EBAY,eBay Inc.,Information Technology,419.6
2013,2013-01-01,26,CVX,Chevron Corp.,Energy,387.4
2013,2013-01-01,27,MCD,McDonald's Corp.,Consumer Discretionary,374.4
2013,2013-01-01,28,V,Visa Inc.,Information Technology,370.4
2013,2013-01-01,29,SLB,Schlumberger Ltd.,Energy,365.3
2013,2013-01-01,30,HD,Home Depot,Consumer Discretionary,362.0
2013,2013-01-01,31,KO,Coca Cola Co.,Consumer Staples,361.2
2013,2013-01-01,32,HAL,Halliburton Co.,Energy,361.0
2013,2013-01-01,33,DIS,Walt Disney Co.,Consumer Discretionary,356.7
2013,2013-01-01,34,BRK-B,Berkshire Hathaway,Financials,353.5
2013,2013-01-01,35,MRK,Merck & Co.,Health Care,347.7
2013,2013-01-01,36,T,AT&T Inc,Telecommunications Services,337.5
2013,2013-01-01,37,MA,Mastercard Inc.,Information Technology,331.3
2013,2013-01-01,38,ABT,Abbott Laboratories,Health Care,328.9
2013,2013-01-01,39,CRM,Salesforce.com,Information Technology,323.2
2013,2013-01-01,40,COP,ConocoPhillips,Energy,320.0
2013,2013-01-01,41,LOW,Lowe's Cos.,Consumer Discretionary,314.3
2013,2013-01-01,42,SBUX,Starbucks Corp.,Consumer Discretionary,303.9
2013,2013-01-01,43,CMCSA,Comcast Corp.,Consumer Discretionary,297.4
2013,2013-01-01,44,GILD,Gilead Sciences,Health Care,284.7
2013,2013-01-01,45,VZ,Verizon Communications,Telecommunications Services,283.9
2013,2013-01-01,46,MS,Morgan Stanley,Financials,282.0
2013,2013-01-01,47,UNH,United Health Group Inc.,Health Care,277.4
2013,2013-01-01,48,HPQ,Hewlett-Packard,Information Technology,276.9
2013,2013-01-01,49,PEP,PepsiCo Inc.,Consumer Staples,276.0
2013,2013-01-01,50,BA,Boeing Company,Industrials,265.7
2013,2013-01-01,51,AXP,American Express Co,Financials,258.0
2013,2013-01-01,52,OXY,Occidental Petroleum,Energy,253.3
2013,2013-01-01,53,F,Ford Motor,Consumer Discretionary,252.4
2013,2013-01-01,54,CMG,Chipotle Mexican Grill,Consumer Discretionary,247.5
2013,2013-01-01,55,AMGN,Amgen Inc,Health Care,236.4
2013,2013-01-01,56,PM,Philip Morris International,Consumer Staples,235.4
2013,2013-01-01,57,LLY,Lilly (Eli) & Co.,Health Care,233.7
2013,2013-01-01,58,NEM,Newmont Mining Corp. (Hldg. Co.),Materials,230.8
2013,2013-01-01,59,DE,Deere & Co.,Industrials,228.3
2013,2013-01-01,60,NOV,National Oilwell Varco Inc.,Energy,223.6
2013,2013-01-01,61,CVS,CVS Caremark Corp.,Consumer Staples,223.3
2013,2013-01-01,62,CLF,Cliffs Natural Resources,Materials,221.2
2013,2013-01-01,63,MDLZ,Mondelez International,Consumer Staples,217.4
2013,2013-01-01,64,NKE,NIKE Inc.,Consumer Discretionary,214.0
2013,2013-01-01,65,BMY,Bristol-Myers Squibb,Health Care,212.2
2013,2013-01-01,66,MET,MetLife Inc.,Financials,204.0
2013,2013-01-01,67,UNP,Union Pacific,Industrials,203.6
2013,2013-01-01,68,USB,U.S. Bancorp,Financials,202.5
2013,2013-01-01,69,COF,Capital One Financial,Financials,199.9
2013,2013-01-01,70,DD,Du Pont (E.I.),Materials,198.7
2013,2013-01-01,71,YUM,Yum! Brands Inc,Consumer Discretionary,198.3
2013,2013-01-01,72,APA,Apache Corporation,Energy,193.9
2013,2013-01-01,73,TGT,Target Corp.,Consumer Discretionary,190.4
2013,2013-01-01,74,MU,Micron Technology,Information Technology,189.1
2013,2013-01-01,75,CF,CF Industries Holdings Inc,Materials,188.0
2013,2013-01-01,76,FFIV,F5 Networks,Information Technology,185.4
2013,2013-01-01,77,TXN,Texas Instruments,Information Technology,181.1
2013,2013-01-01,78,CMI,Cummins Inc.,Industrials,179.9
2013,2013-01-01,79,NTAP,NetApp,Information Technology,179.4
2013,2013-01-01,80,ISRG,Intuitive Surgical Inc.,Health Care,177.5
2013,2013-01-01,81,AA,Alcoa Inc,Materials,177.0
2013,2013-01-01,82,TJX,TJX Companies Inc.,Consumer Discretionary,173.5
2013,2013-01-01,83,AZO,AutoZone Inc,Consumer Discretionary,173.1
2013,2013-01-01,84,WYNN,Wynn Resorts Ltd,Consumer Discretionary,172.2
2013,2013-01-01,85,UPS,United Parcel Service,Industrials,171.4
2013,2013-01-01,86,STX,Seagate Technology,Information Technology,168.6
2013,2013-01-01,87,MMM,3M Co.,Industrials,168.1
2013,2013-01-01,88,MOS,The Mosaic Company,Materials,162.4
2013,2013-01-01,89,ACN,Accenture,Information Technology,161.3
2013,2013-01-01,90,EOG,EOG Resources,Energy,159.3
2013,2013-01-01,91,BIIB,BIOGEN IDEC Inc.,Health Care,158.6
2013,2013-01-01,92,COST,Costco Co.,Consumer Staples,158.3
2013,2013-01-01,93,FDX,FedEx Corporation,Industrials,157.6
2013,2013-01-01,94,LEN,Lennar Corp.,Consumer Discretionary,157.1
2013,2013-01-01,95,CSX,CSX Corp.,Industrials,155.9
2013,2013-01-01,96,HON,Honeywell Int'l Inc.,Industrials,155.6
2013,2013-01-01,97,DG,Dollar General,Consumer Discretionary,154.7
2013,2013-01-01,98,DUK,Duke Energy,Utilities,152.8
2013,2013-01-01,99,CTSH,Cognizant Technology Solutions,Information Technology,150.4
2013,2013-01-01,100,NVDA,Nvidia Corporation,Information Technology,149.8
2014,2014-01-01,1,AAPL,Apple Inc.,Information Technology,5823.4
2014,2014-01-01,2,META,Facebook,Information Technology,2283.6
2014,2014-01-01,3,GOOG,Google Inc.,Information Technology,1806.8
2014,2014-01-01,4,MSFT,Microsoft Corp.,Information Technology,1276.2
2014,2014-01-01,5,BAC,Bank of America Corp,Financials,1218.2
2014,2014-01-01,6,C,Citigroup Inc.,Financials,956.4
2014,2014-01-01,7,NFLX,NetFlix Inc.,Information Technology,909.5
2014,2014-01-01,8,AMZN,Amazon.com Inc,Consumer Discretionary,879.1
2014,2014-01-01,9,JPM,JPMorgan Chase & Co.,Financials,766.6
2014,2014-01-01,10,GE,General Electric,Industrials,736.4
2014,2014-01-01,11,XOM,Exxon Mobil Corp.,Energy,670.7
2014,2014-01-01,12,INTC,Intel Corp.,Information Technology,654.4
2014,2014-01-01,13,ORCL,Oracle Corp.,Information Technology,633.6
2014,2014-01-01,14,PFE,Pfizer Inc.,Health Care,598.4
2014,2014-01-01,15,CSCO,Cisco Systems,Information Technology,594.7
2014,2014-01-01,16,WFC,Wells Fargo,Financials,547.3
2014,2014-01-01,17,QCOM,QUALCOMM Inc.,Information Technology,542.7
2014,2014-01-01,18,V,Visa Inc.,Information Technology,531.3
2014,2014-01-01,19,JNJ,Johnson & Johnson,Health Care,528.0
2014,2014-01-01,20,MU,Micron Technology,Information Technology,519.4
2014,2014-01-01,21,EBAY,eBay Inc.,Information Technology,504.8
2014,2014-01-01,22,IBM,International Bus. Machines,Information Technology,491.3
2014,2014-01-01,23,PG,Procter & Gamble,Consumer Staples,466.7
2014,2014-01-01,24,MRK,Merck & Co.,Health Care,460.4
2014,2014-01-01,25,AIG,"American International Group, Inc.",Financials,442.9
2014,2014-01-01,26,BA,Boeing Company,Industrials,439.5
2014,2014-01-01,27,GS,Goldman Sachs Group,Financials,434.4
2014,2014-01-01,28,DIS,The Walt Disney Company,Consumer Discretionary,428.3
2014,2014-01-01,29,BRK-B,Berkshire Hathaway,Financials,407.1
2014,2014-01-01,30,WMT,Wal-Mart Stores,Consumer Staples,404.1
2014,2014-01-01,31,CVX,Chevron Corp.,Energy,397.4
2014,2014-01-01,32,GM,General Motors,Consumer Discretionary,390.5
2014,2014-01-01,33,HD,Home Depot,Consumer Discretionary,381.5
2014,2014-01-01,34,GILD,Gilead Sciences,Health Care,379.7
2014,2014-01-01,35,KO,The Coca Cola Company,Consumer Staples,378.1
2014,2014-01-01,36,FCX,Freeport-McMoran Cp & Gld,Materials,376.1
2014,2014-01-01,37,CAT,Caterpillar Inc.,Industrials,372.3
2014,2014-01-01,38,CMCSA,Comcast Corp.,Consumer Discretionary,363.3
2014,2014-01-01,39,MA,Mastercard Inc.,Information Technology,359.4
2014,2014-01-01,40,HAL,Halliburton Co.,Energy,353.6
2014,2014-01-01,41,SLB,Schlumberger Ltd.,Energy,353.5
2014,2014-01-01,42,MCD,McDonald's Corp.,Consumer Discretionary,339.0
2014,2014-01-01,43,T,AT&T Inc,Telecommunications Services,338.4
2014,2014-01-01,44,F,Ford Motor,Consumer Discretionary,316.5
2014,2014-01-01,45,VZ,Verizon Communications,Telecommunications Services,314.7
2014,2014-01-01,46,MS,Morgan Stanley,Financials,299.9
2014,2014-01-01,47,BIIB,BIOGEN IDEC Inc.,Health Care,286.7
2014,2014-01-01,48,AXP,American Express Co,Financials,284.9
2014,2014-01-01,49,CPRI,Michael Kors,Consumer Discretionary,281.8
2014,2014-01-01,50,HPQ,Hewlett-Packard,Information Technology,280.2
2014,2014-01-01,51,UNH,United Health Group Inc.,Health Care,278.4
2014,2014-01-01,52,AMGN,Amgen Inc,Health Care,274.8
2014,2014-01-01,53,PEP,PepsiCo Inc.,Consumer Staples,268.2
2014,2014-01-01,54,LOW,Lowe's Cos.,Consumer Discretionary,264.3
2014,2014-01-01,55,OXY,Occidental Petroleum,Energy,264.1
2014,2014-01-01,56,CRM,Salesforce.com,Information Technology,259.2
2014,2014-01-01,57,FSLR,First Solar Inc,Industrials,245.0
2014,2014-01-01,58,BMY,Bristol-Myers Squibb,Health Care,244.8
2014,2014-01-01,59,COP,ConocoPhillips,Energy,243.1
2014,2014-01-01,60,SBUX,Starbucks Corp.,Consumer Discretionary,240.1
2014,2014-01-01,61,MDLZ,Mondelez International,Consumer Staples,238.8
2014,2014-01-01,62,PM,Philip Morris International,Consumer Staples,237.6
2014,2014-01-01,63,DAL,Delta Air Lines,Industrials,236.3
2014,2014-01-01,64,LLY,Lilly (Eli) & Co.,Health Care,228.5
2014,2014-01-01,65,ABT,Abbott Laboratories,Health Care,220.0
2014,2014-01-01,66,ISRG,Intuitive Surgical Inc.,Health Care,219.0
2014,2014-01-01,67,FDX,FedEx Corporation,Industrials,218.8
2014,2014-01-01,68,CVS,CVS Caremark Corp.,Consumer Staples,218.7
2014,2014-01-01,69,VLO,Valero Energy,Energy,216.2
2014,2014-01-01,70,DE,Deere & Co.,Industrials,212.0
2014,2014-01-01,71,TGT,Target Corp.,Consumer Discretionary,209.7
2014,2014-01-01,72,UNP,Union Pacific,Industrials,208.3
2014,2014-01-01,73,NEM,Newmont Mining Corp. (Hldg. Co.),Materials,208.2
2014,2014-01-01,74,MET,MetLife Inc.,Financials,207.7
2014,2014-01-01,75,REGN,Regeneron,Health Care,201.8
2014,2014-01-01,76,NKE,NIKE Inc.,Consumer Discretionary,201.8
2014,2014-01-01,77,USB,U.S. Bancorp,Financials,201.2
2014,2014-01-01,78,MMM,3M Company,Industrials,200.8
2014,2014-01-01,79,DD,Du Pont (E.I.),Materials,199.5
2014,2014-01-01,80,NOV,National Oilwell Varco Inc.,Energy,197.2
2014,2014-01-01,81,TXN,Texas Instruments,Information Technology,195.7
2014,2014-01-01,82,YUM,Yum! Brands Inc,Consumer Discretionary,194.3
2014,2014-01-01,83,CLF,Cliffs Natural Resources,Materials,192.3
2014,2014-01-01,84,APA,Apache Corporation,Energy,191.5
2014,2014-01-01,85,COF,Capital One Financial,Financials,186.2
2014,2014-01-01,86,ACN,Accenture plc,Information Technology,184.5
2014,2014-01-01,87,UPS,United Parcel Service,Industrials,183.0
2014,2014-01-01,88,EOG,EOG Resources,Energy,182.1
2014,2014-01-01,89,MPC,Marathon Petroleum,Energy,181.0
2014,2014-01-01,90,BAX,Baxter International Inc.,Health Care,177.3
2014,2014-01-01,91,HON,Honeywell Int'l Inc.,Industrials,177.0
2014,2014-01-01,92,LEN,Lennar Corp.,Consumer Discretionary,170.8
2014,2014-01-01,93,CMG,Chipotle Mexican Grill,Consumer Discretionary,170.6
2014,2014-01-01,94,ADBE,Adobe Systems Inc,Information Technology,169.8
2014,2014-01-01,95,CTSH,Cognizant Technology Solutions,Information Technology,167.1
2014,2014-01-01,96,MOS,The Mosaic Company,Materials,166.4
2014,2014-01-01,97,NTAP,NetApp,Information Technology,166.0
2014,2014-01-01,98,MDT,Medtronic Inc.,Health Care,165.2
2014,2014-01-01,99,RIG,Transocean,Energy,165.1
2014,2014-01-01,100,AMAT,Applied Materials Inc,Information Technology,163.0
2015,2015-01-01,1,AAPL,Apple Inc.,Information Technology,4970.3
2015,2015-01-01,2,META,Facebook,Information Technology,3138.0
2015,2015-01-01,3,GOOGL,Google Inc Class A,Information Technology,1500.1
2015,2015-01-01,4,AMZN,Amazon.com Inc,Consumer Discretionary,1346.8
2015,2015-01-01,5,MSFT,Microsoft Corp.,Information Technology,1177.3
2015,2015-01-01,6,NFLX,Netflix Inc.,Information Technology,1094.5
2015,2015-01-01,7,BAC,Bank of America Corp,Financials,1088.7
2015,2015-01-01,8,GILD,Gilead Sciences,Health Care,898.5
2015,2015-01-01,9,C,Citigroup Inc.,Financials,751.2
2015,2015-01-01,10,MU,Micron Technology,Information Technology,750.6
2015,2015-01-01,11,INTC,Intel Corp.,Information Technology,726.2
2015,2015-01-01,12,GE,General Electric,Industrials,683.3
2015,2015-01-01,13,XOM,Exxon Mobil Corp.,Energy,682.2
2015,2015-01-01,14,JPM,JPMorgan Chase & Co.,Financials,664.4
2015,2015-01-01,15,V,Visa Inc.,Information Technology,591.3
2015,2015-01-01,16,CMCSA,Comcast Corp.,Consumer Discretionary,582.2
2015,2015-01-01,17,EBAY,eBay Inc.,Information Technology,579.5
2015,2015-01-01,18,VZ,Verizon Communications,Telecommunications Services,556.4
2015,2015-01-01,19,WFC,Wells Fargo,Financials,553.6
2015,2015-01-01,20,CSCO,Cisco Systems,Information Technology,545.0
2015,2015-01-01,21,JNJ,Johnson & Johnson,Health Care,539.5
2015,2015-01-01,22,QCOM,QUALCOMM Inc.,Information Technology,511.4
2015,2015-01-01,23,ORCL,Oracle Corp.,Information Technology,507.7
2015,2015-01-01,24,IBM,International Bus. Machines,Information Technology,502.2
2015,2015-01-01,25,DIS,The Walt Disney Company,Consumer Discretionary,500.4
2015,2015-01-01,26,SLB,Schlumberger Ltd.,Energy,490.1
2015,2015-01-01,27,HAL,Halliburton Co.,Energy,481.6
2015,2015-01-01,28,BA,Boeing Company,Industrials,479.1
2015,2015-01-01,29,PG,Procter & Gamble,Consumer Staples,471.9
2015,2015-01-01,30,PFE,Pfizer Inc.,Health Care,465.0
2015,2015-01-01,31,BIIB,BIOGEN IDEC Inc.,Health Care,463.8
2015,2015-01-01,32,CVX,Chevron Corp.,Energy,463.4
2015,2015-01-01,33,GM,General Motors,Consumer Discretionary,457.8
2015,2015-01-01,34,BRK-B,Berkshire Hathaway,Financials,452.9
2015,2015-01-01,35,KO,The Coca Cola Company,Consumer Staples,425.8
2015,2015-01-01,36,DAL,Delta Air Lines,Industrials,416.5
2015,2015-01-01,37,HD,Home Depot,Consumer Discretionary,408.7
2015,2015-01-01,38,MRK,Merck & Co.,Health Care,408.0
2015,2015-01-01,39,WMT,Wal-Mart Stores,Consumer Staples,401.1
2015,2015-01-01,40,GS,Goldman Sachs Group,Financials,397.7
2015,2015-01-01,41,MA,Mastercard Inc.,Information Technology,389.3
2015,2015-01-01,42,MCD,McDonald's Corp.,Consumer Discretionary,384.0
2015,2015-01-01,43,CAT,Caterpillar Inc.,Industrials,367.9
2015,2015-01-01,44,T,AT&T Inc,Telecommunications Services,363.6
2015,2015-01-01,45,DD,Du Pont (E.I.),Materials,337.3
2015,2015-01-01,46,MDT,Medtronic Inc.,Health Care,333.8
2015,2015-01-01,47,AMGN,Amgen Inc,Health Care,331.7
2015,2015-01-01,48,AIG,"American International Group, Inc.",Financials,325.6
2015,2015-01-01,49,ABBV,AbbVie,Health Care,312.7
2015,2015-01-01,50,CRM,Salesforce.com,Information Technology,308.0
2015,2015-01-01,51,COP,ConocoPhillips,Energy,307.1
2015,2015-01-01,52,FCX,Freeport-McMoran Cp & Gld,Materials,300.3
2015,2015-01-01,53,WYNN,Wynn Resorts Ltd,Consumer Discretionary,299.2
2015,2015-01-01,54,EOG,EOG Resources,Energy,299.1
2015,2015-01-01,55,REGN,Regeneron,Health Care,298.5
2015,2015-01-01,56,OXY,Occidental Petroleum,Energy,289.3
2015,2015-01-01,57,PEP,PepsiCo Inc.,Consumer Staples,289.2
2015,2015-01-01,58,AXP,American Express Co,Financials,288.1
2015,2015-01-01,59,UNP,Union Pacific,Industrials,286.7
2015,2015-01-01,60,UNH,United Health Group Inc.,Health Care,283.2
2015,2015-01-01,61,CPRI,Michael Kors Holdings,Consumer Discretionary,282.1
2015,2015-01-01,62,SBUX,Starbucks Corp.,Consumer Discretionary,280.7
2015,2015-01-01,63,CMG,Chipotle Mexican Grill,Consumer Discretionary,278.4
2015,2015-01-01,64,BMY,Bristol-Myers Squibb,Health Care,266.7
2015,2015-01-01,65,AA,Alcoa Inc,Materials,264.7
2015,2015-01-01,66,KMI,Kinder Morgan,Energy,263.2
2015,2015-01-01,67,HPQ,Hewlett-Packard,Information Technology,260.2
2015,2015-01-01,68,F,Ford Motor,Consumer Discretionary,259.4
2015,2015-01-01,69,CVS,CVS Caremark Corp.,Consumer Staples,256.8
2015,2015-01-01,70,MS,Morgan Stanley,Financials,250.3
2015,2015-01-01,71,NKE,NIKE Inc.,Consumer Discretionary,249.5
2015,2015-01-01,72,VLO,Valero Energy,Energy,247.3
2015,2015-01-01,73,DG,Dollar General,Consumer Discretionary,245.3
2015,2015-01-01,74,NOV,National Oilwell Varco Inc.,Energy,244.3
2015,2015-01-01,75,MMM,3M Company,Industrials,243.8
2015,2015-01-01,76,AMAT,Applied Materials Inc,Information Technology,240.1
2015,2015-01-01,77,FDX,FedEx Corporation,Industrials,236.2
2015,2015-01-01,78,RIG,Transocean,Energy,233.9
2015,2015-01-01,79,LOW,Lowe's Cos.,Consumer Discretionary,231.6
2015,2015-01-01,80,TMO,Thermo Fisher Scientific,Health Care,230.9
2015,2015-01-01,81,TGT,Target Corp.,Consumer Discretionary,229.3
2015,2015-01-01,82,LLY,Lilly (Eli) & Co.,Health Care,227.8
2015,2015-01-01,83,ADBE,Adobe Systems Inc,Information Technology,225.1
2015,2015-01-01,84,DE,Deere & Co.,Industrials,223.0
2015,2015-01-01,85,MDLZ,Mondelez International,Consumer Staples,223.0
2015,2015-01-01,86,PM,Philip Morris International,Consumer Staples,221.7
2015,2015-01-01,87,MCK,McKesson Corp.,Health Care,214.7
2015,2015-01-01,88,APA,Apache Corporation,Energy,211.1
2015,2015-01-01,89,MET,MetLife Inc.,Financials,207.9
2015,2015-01-01,90,TXN,Texas Instruments,Information Technology,207.3
2015,2015-01-01,91,HON,Honeywell Int'l Inc.,Industrials,205.1
2015,2015-01-01,92,TJX,TJX Companies Inc.,Consumer Discretionary,203.0
2015,2015-01-01,93,FSLR,First Solar Inc,Energy,202.7
2015,2015-01-01,94,ISRG,Intuitive Surgical Inc.,Health Care,202.7
2015,2015-01-01,95,MPC,Marathon Petroleum,Energy,202.4
2015,2015-01-01,96,COST,Costco Co.,Consumer Staples,201.5
2015,2015-01-01,97,UPS,United Parcel Service,Industrials,196.7
2015,2015-01-01,98,ABT,Abbott Laboratories,Health Care,191.7
2015,2015-01-01,99,LUV,Southwest Airlines,Industrials,191.0
2015,2015-01-01,100,COF,Capital One Financial,Financials,188.7
2016,2016-01-01,1,AAPL,Apple Inc.,Information Technology,5521.0
2016,2016-01-01,2,META,Facebook,Information Technology,2375.9
2016,2016-01-01,3,AMZN,Amazon.com Inc,Consumer Discretionary,1847.3
2016,2016-01-01,4,NFLX,Netflix Inc.,Information Technology,1720.4
2016,2016-01-01,5,MSFT,Microsoft Corp.,Information Technology,1439.6
2016,2016-01-01,6,GOOGL,Alphabet Inc Class A,Information Technology,1339.8
2016,2016-01-01,7,GE,General Electric,Industrials,1259.8
2016,2016-01-01,8,BAC,Bank of America Corp,Financials,1095.5
2016,2016-01-01,9,GILD,Gilead Sciences,Health Care,815.2
2016,2016-01-01,10,DIS,The Walt Disney Company,Consumer Discretionary,812.5
2016,2016-01-01,11,INTC,Intel Corp.,Information Technology,751.8
2016,2016-01-01,12,BIIB,BIOGEN IDEC Inc.,Health Care,748.5
2016,2016-01-01,13,JPM,JPMorgan Chase & Co.,Financials,748.0
2016,2016-01-01,14,XOM,Exxon Mobil Corp.,Energy,721.1
2016,2016-01-01,15,C,Citigroup Inc.,Financials,718.5
2016,2016-01-01,16,WFC,Wells Fargo,Financials,635.6
2016,2016-01-01,17,CMCSA,Comcast A Corp,Consumer Discretionary,621.9
2016,2016-01-01,18,JNJ,Johnson & Johnson,Health Care,602.3
2016,2016-01-01,19,PFE,Pfizer Inc.,Health Care,587.9
2016,2016-01-01,20,QCOM,QUALCOMM Inc.,Information Technology,587.8
2016,2016-01-01,21,V,Visa Inc.,Information Technology,579.2
2016,2016-01-01,22,MU,Micron Technology,Information Technology,578.6
2016,2016-01-01,23,CVX,Chevron Corp.,Energy,539.8
2016,2016-01-01,24,CSCO,Cisco Systems,Information Technology,538.6
2016,2016-01-01,25,WMT,Wal-Mart Stores,Consumer Staples,517.9
2016,2016-01-01,26,ORCL,Oracle Corp.,Information Technology,510.7
2016,2016-01-01,27,PG,Procter & Gamble,Consumer Staples,509.7
2016,2016-01-01,28,AAL,American Airlines Group,Industrials,502.6
2016,2016-01-01,29,BRK-B,Berkshire Hathaway,Financials,502.4
2016,2016-01-01,30,SLB,Schlumberger Ltd.,Energy,498.2
2016,2016-01-01,31,BA,Boeing Company,Industrials,496.3
2016,2016-01-01,32,MCD,McDonald's Corp.,Consumer Discretionary,491.8
2016,2016-01-01,33,HAL,Halliburton Co.,Energy,457.7
2016,2016-01-01,34,HD,Home Depot,Consumer Discretionary,453.7
2016,2016-01-01,35,CMG,Chipotle Mexican Grill,Consumer Discretionary,443.7
2016,2016-01-01,36,MRK,Merck & Co.,Health Care,443.4
2016,2016-01-01,37,T,AT&T Inc,Telecommunications Services,440.6
2016,2016-01-01,38,DAL,Delta Air Lines,Industrials,430.5
2016,2016-01-01,39,IBM,International Bus. Machines,Information Technology,426.7
2016,2016-01-01,40,GS,Goldman Sachs Group,Financials,426.4
2016,2016-01-01,41,AXP,American Express Co,Financials,424.2
2016,2016-01-01,42,KO,The Coca Cola Company,Consumer Staples,416.4
2016,2016-01-01,43,ABBV,AbbVie,Health Care,409.9
2016,2016-01-01,44,UNH,United Health Group Inc.,Health Care,406.6
2016,2016-01-01,45,UNP,Union Pacific,Industrials,404.2
2016,2016-01-01,46,GM,General Motors,Consumer Discretionary,402.7
2016,2016-01-01,47,AMGN,Amgen Inc,Health Care,402.3
2016,2016-01-01,48,VZ,Verizon Communications,Telecommunications Services,395.4
2016,2016-01-01,49,REGN,Regeneron,Health Care,395.3
2016,2016-01-01,50,EBAY,eBay Inc.,Information Technology,395.0
2016,2016-01-01,51,DD,Du Pont (E.I.),Materials,392.5
2016,2016-01-01,52,MA,Mastercard Inc.,Information Technology,371.0
2016,2016-01-01,53,CAT,Caterpillar Inc.,Industrials,370.9
2016,2016-01-01,54,AIG,"American International Group, Inc.",Financials,368.3
2016,2016-01-01,55,NKE,Nike,Consumer Discretionary,363.4
2016,2016-01-01,56,SBUX,Starbucks Corp.,Consumer Discretionary,361.7
2016,2016-01-01,57,UAL,United Continental Holdings,Industrials,356.5
2016,2016-01-01,58,MDT,Medtronic plc,Health Care,355.2
2016,2016-01-01,59,CVS,CVS Caremark Corp.,Consumer Staples,353.9
2016,2016-01-01,60,FCX,Freeport-McMoran Cp & Gld,Materials,345.8
2016,2016-01-01,61,COP,ConocoPhillips,Energy,334.1
2016,2016-01-01,62,LLY,Lilly (Eli) & Co.,Health Care,325.3
2016,2016-01-01,63,PEP,PepsiCo Inc.,Consumer Staples,323.2
2016,2016-01-01,64,AVGO,Avago Technologies,Information Technology,304.7
2016,2016-01-01,65,ILMN,Illumina Inc,Health Care,302.1
2016,2016-01-01,66,MDLZ,Mondelez International,Consumer Staples,301.5
2016,2016-01-01,67,KMI,Kinder Morgan,Energy,299.9
2016,2016-01-01,68,AMAT,Applied Materials Inc,Information Technology,292.6
2016,2016-01-01,69,BMY,Bristol-Myers Squibb,Health Care,289.0
2016,2016-01-01,70,LOW,Lowe's Cos.,Consumer Discretionary,288.5
2016,2016-01-01,71,CRM,Salesforce.com,Information Technology,287.5
2016,2016-01-01,72,SWKS,Skyworks Solutions,Information Technology,285.6
2016,2016-01-01,73,EOG,EOG Resources,Energy,284.0
2016,2016-01-01,74,HCA,HCA Holdings,Health Care,283.6
2016,2016-01-01,75,MS,Morgan Stanley,Financials,281.1
2016,2016-01-01,76,TGT,Target Corp.,Consumer Discretionary,278.8
2016,2016-01-01,77,LUV,Southwest Airlines,Industrials,274.6
2016,2016-01-01,78,AA,Alcoa Inc,Materials,271.1
2016,2016-01-01,79,MMM,3M Company,Industrials,268.2
2016,2016-01-01,80,HPQ,HP Inc.,Information Technology,267.1
2016,2016-01-01,81,VLO,Valero Energy,Energy,265.4
2016,2016-01-01,82,COST,Costco Co.,Consumer Staples,263.7
2016,2016-01-01,83,YUM,Yum! Brands Inc,Consumer Discretionary,263.5
2016,2016-01-01,84,MCK,McKesson Corp.,Health Care,260.5
2016,2016-01-01,85,OXY,Occidental Petroleum,Energy,260.5
2016,2016-01-01,86,WYNN,Wynn Resorts Ltd,Consumer Discretionary,254.3
2016,2016-01-01,87,HUM,Humana Inc.,Health Care,253.2
2016,2016-01-01,88,TXN,Texas Instruments,Information Technology,252.3
2016,2016-01-01,89,CI,CIGNA Corp.,Health Care,250.1
2016,2016-01-01,90,HON,Honeywell Int'l Inc.,Industrials,248.6
2016,2016-01-01,91,ELV,Anthem Inc.,Health Care,247.9
2016,2016-01-01,92,FDX,FedEx Corporation,Industrials,241.8
2016,2016-01-01,93,BAX,Baxter International Inc.,Health Care,239.5
2016,2016-01-01,94,KR,Kroger Co.,Consumer Staples,233.2
2016,2016-01-01,95,NOV,National Oilwell Varco Inc.,Energy,229.3
2016,2016-01-01,96,MET,MetLife Inc.,Financials,228.6
2016,2016-01-01,97,F,Ford Motor,Consumer Discretionary,227.3
2016,2016-01-01,98,CSX,CSX Corp.,Industrials,227.1
2016,2016-01-01,99,ADBE,Adobe Systems Inc,Information Technology,227.0
2016,2016-01-01,100,DG,Dollar General,Consumer Discretionary,225.3
2017,2017-01-01,1,AAPL,Apple Inc.,Information Technology,3621.7
2017,2017-01-01,2,META,Facebook,Information Technology,2892.5
2017,2017-01-01,3,AMZN,Amazon.com Inc,Consumer Discretionary,2808.6
2017,2017-01-01,4,MSFT,Microsoft Corp.,Information Technology,1495.3
2017,2017-01-01,5,GOOGL,Alphabet Inc Class A,Information Technology,1478.3
2017,2017-01-01,6,BAC,Bank of America Corp,Financials,1332.9
2017,2017-01-01,7,NFLX,Netflix Inc.,Information Technology,1287.6
2017,2017-01-01,8,GE,General Electric,Industrials,957.6
2017,2017-01-01,9,JPM,JPMorgan Chase & Co.,Financials,852.2
2017,2017-01-01,10,WFC,Wells Fargo,Financials,846.4
2017,2017-01-01,11,PG,Procter & Gamble,Consumer Staples,774.2
2017,2017-01-01,12,C,Citigroup Inc.,Financials,751.2
2017,2017-01-01,13,DIS,The Walt Disney Company,Consumer Discretionary,726.5
2017,2017-01-01,14,V,Visa Inc.,Information Technology,684.3
2017,2017-01-01,15,XOM,Exxon Mobil Corp.,Energy,679.3
2017,2017-01-01,16,NVDA,Nvidia Corporation,Information Technology,645.3
2017,2017-01-01,17,JNJ,Johnson & Johnson,Health Care,641.9
2017,2017-01-01,18,PFE,Pfizer Inc.,Health Care,630.6
2017,2017-01-01,19,GILD,Gilead Sciences,Health Care,626.9
2017,2017-01-01,20,INTC,Intel Corp.,Information Technology,609.7
2017,2017-01-01,21,CHTR,Charter Communications,Consumer Discretionary,555.8
2017,2017-01-01,22,CMG,Chipotle Mexican Grill,Consumer Discretionary,543.8
2017,2017-01-01,23,WMT,Wal-Mart Stores,Consumer Staples,543.0
2017,2017-01-01,24,BRK-B,Berkshire Hathaway,Financials,530.0
2017,2017-01-01,25,BA,Boeing Company,Industrials,522.0
2017,2017-01-01,26,CSCO,Cisco Systems,Information Technology,519.0
2017,2017-01-01,27,HD,Home Depot,Consumer Discretionary,515.0
2017,2017-01-01,28,GS,Goldman Sachs Group,Financials,514.6
2017,2017-01-01,29,MCD,McDonald's Corp.,Consumer Discretionary,514.2
2017,2017-01-01,30,CVX,Chevron Corp.,Energy,509.6
2017,2017-01-01,31,BIIB,BIOGEN IDEC Inc.,Health Care,508.2
2017,2017-01-01,32,CMCSA,Comcast A Corp,Consumer Discretionary,491.4
2017,2017-01-01,33,NKE,Nike,Consumer Discretionary,476.6
2017,2017-01-01,34,ORCL,Oracle Corp.,Information Technology,459.2
2017,2017-01-01,35,T,AT&T Inc,Telecommunications Services,452.6
2017,2017-01-01,36,QCOM,QUALCOMM Inc.,Information Technology,436.6
2017,2017-01-01,37,VZ,Verizon Communications,Telecommunications Services,430.8
2017,2017-01-01,38,MRK,Merck & Co.,Health Care,426.9
2017,2017-01-01,39,SBUX,Starbucks Corp.,Consumer Discretionary,422.8
2017,2017-01-01,40,KO,Coca Cola Company,Consumer Staples,421.6
2017,2017-01-01,41,CRM,Salesforce.com,Information Technology,412.2
2017,2017-01-01,42,SLB,Schlumberger Ltd.,Energy,406.7
2017,2017-01-01,43,UNH,United Health Group Inc.,Health Care,397.6
2017,2017-01-01,44,BMY,Bristol-Myers Squibb,Health Care,391.8
2017,2017-01-01,45,IBM,International Business Machines,Information Technology,390.3
2017,2017-01-01,46,AMGN,Amgen Inc,Health Care,389.4
2017,2017-01-01,47,DAL,Delta Air Lines,Industrials,388.5
2017,2017-01-01,48,CVS,CVS Health,Consumer Staples,386.4
2017,2017-01-01,49,FCX,Freeport-McMoran Cp & Gld,Materials,375.3
2017,2017-01-01,50,MU,Micron Technology,Information Technology,375.2
2017,2017-01-01,51,AVGO,Broadcom,Information Technology,373.4
2017,2017-01-01,52,MA,Mastercard Inc.,Information Technology,372.5
2017,2017-01-01,53,LMT,Lockheed Martin Corp.,Industrials,366.7
2017,2017-01-01,54,REGN,Regeneron,Health Care,354.2
2017,2017-01-01,55,GM,General Motors,Consumer Discretionary,351.3
2017,2017-01-01,56,PEP,PepsiCo Inc.,Consumer Staples,338.4
2017,2017-01-01,57,CAT,Caterpillar Inc.,Industrials,336.2
2017,2017-01-01,58,LOW,Lowe's Cos.,Consumer Discretionary,335.6
2017,2017-01-01,59,MDT,Medtronic plc,Health Care,331.9
2017,2017-01-01,60,PYPL,PayPal,Information Technology,330.4
2017,2017-01-01,61,AAL,American Airlines Group,Industrials,328.0
2017,2017-01-01,62,HAL,Halliburton Co.,Energy,326.7
2017,2017-01-01,63,UNP,Union Pacific,Industrials,321.5
2017,2017-01-01,64,ABBV,AbbVie,Health Care,319.0
2017,2017-01-01,65,MS,Morgan Stanley,Financials,317.3
2017,2017-01-01,66,AIG,"American International Group, Inc.",Financials,312.0
2017,2017-01-01,67,COST,Costco Co.,Consumer Staples,310.8
2017,2017-01-01,68,LLY,Lilly (Eli) & Co.,Health Care,306.5
2017,2017-01-01,69,COP,ConocoPhillips,Energy,302.4
2017,2017-01-01,70,TGT,Target Corp.,Consumer Discretionary,302.3
2017,2017-01-01,71,ABT,Abbott Laboratories,Health Care,302.0
2017,2017-01-01,72,AXP,American Express Co,Financials,301.2
2017,2017-01-01,73,MDLZ,Mondelez International,Consumer Staples,300.9
2017,2017-01-01,74,HON,Honeywell Int'l Inc.,Industrials,300.6
2017,2017-01-01,75,MCK,McKesson Corp.,Health Care,292.9
2017,2017-01-01,76,DD,Du Pont (E.I.),Materials,286.3
2017,2017-01-01,77,AMAT,Applied Materials Inc,Information Technology,280.7
2017,2017-01-01,78,UAL,United Continental Holdings,Industrials,277.1
2017,2017-01-01,79,EBAY,eBay Inc.,Information Technology,270.6
2017,2017-01-01,80,ADBE,Adobe Systems Inc,Information Technology,269.8
2017,2017-01-01,81,PM,Philip Morris International,Consumer Staples,269.6
2017,2017-01-01,82,WYNN,Wynn Resorts Ltd,Consumer Discretionary,267.3
2017,2017-01-01,83,KR,Kroger Co.,Consumer Staples,263.9
2017,2017-01-01,84,F,Ford Motor,Consumer Discretionary,262.1
2017,2017-01-01,85,TXN,Texas Instruments,Information Technology,259.5
2017,2017-01-01,86,LUV,Southwest Airlines,Industrials,253.8
2017,2017-01-01,87,SCHW,Charles Schwab Corporation,Financials,253.1
2017,2017-01-01,88,EXPE,Expedia Inc.,Consumer Discretionary,252.2
2017,2017-01-01,89,CTSH,Cognizant Technology Solutions,Information Technology,249.9
2017,2017-01-01,90,OXY,Occidental Petroleum,Energy,249.1
2017,2017-01-01,91,MMM,3M Company,Industrials,246.3
2017,2017-01-01,92,MAR,Marriott Int'l.,Consumer Discretionary,243.2
2017,2017-01-01,93,ACN,Accenture plc,Information Technology,241.2
2017,2017-01-01,94,TMO,Thermo Fisher Scientific,Health Care,239.3
2017,2017-01-01,95,VLO,Valero Energy,Energy,238.4
2017,2017-01-01,96,UAA,Under Armour,Consumer Discretionary,237.4
2017,2017-01-01,97,DE,Deere & Co.,Industrials,235.1
2017,2017-01-01,98,WDC,Western Digital,Information Technology,233.7
2017,2017-01-01,99,FDX,FedEx Corporation,Industrials,230.9
2017,2017-01-01,100,MET,MetLife Inc.,Financials,230.5
2018,2018-01-01,1,AAPL,Apple Inc.,Information Technology,3788.4
2018,2018-01-01,2,AMZN,Amazon.com Inc,Consumer Discretionary,3411.7
2018,2018-01-01,3,META,"Facebook, Inc.",Information Technology,2587.4
2018,2018-01-01,4,NVDA,Nvidia Corporation,Information Technology,2503.4
2018,2018-01-01,5,BAC,Bank of America Corp,Financials,1563.0
2018,2018-01-01,6,GOOGL,Alphabet Inc Class A,Information Technology,1505.6
2018,2018-01-01,7,MSFT,Microsoft Corp.,Information Technology,1458.7
2018,2018-01-01,8,NFLX,Netflix Inc.,Information Technology,1093.2
2018,2018-01-01,9,GE,General Electric,Industrials,1038.5
2018,2018-01-01,10,JPM,JPMorgan Chase & Co.,Financials,1002.6
2018,2018-01-01,11,MU,Micron Technology,Information Technology,990.7
2018,2018-01-01,12,C,Citigroup Inc.,Financials,823.1
2018,2018-01-01,13,AMD,Advanced Micro Devices Inc,Information Technology,819.4
2018,2018-01-01,14,WFC,Wells Fargo,Financials,783.0
2018,2018-01-01,15,INTC,Intel Corp.,Information Technology,758.0
2018,2018-01-01,16,DIS,The Walt Disney Company,Consumer Discretionary,733.1
2018,2018-01-01,17,V,Visa Inc.,Information Technology,699.2
2018,2018-01-01,18,BA,Boeing Company,Industrials,668.9
2018,2018-01-01,19,GS,Goldman Sachs Group,Financials,617.1
2018,2018-01-01,20,CMCSA,Comcast Corp.,Consumer Discretionary,609.2
2018,2018-01-01,21,WMT,Wal-Mart Stores,Consumer Staples,608.8
2018,2018-01-01,22,XOM,Exxon Mobil Corp.,Energy,598.4
2018,2018-01-01,23,BRK-B,Berkshire Hathaway,Financials,590.0
2018,2018-01-01,24,JNJ,Johnson & Johnson,Health Care,587.5
2018,2018-01-01,25,CHTR,Charter Communications,Consumer Discretionary,581.9
2018,2018-01-01,26,HD,Home Depot,Consumer Discretionary,557.8
2018,2018-01-01,27,ORCL,Oracle Corp.,Information Technology,556.5
2018,2018-01-01,28,AVGO,Broadcom,Information Technology,516.0
2018,2018-01-01,29,CSCO,Cisco Systems,Information Technology,511.9
2018,2018-01-01,30,PG,Procter & Gamble,Consumer Staples,509.1
2018,2018-01-01,31,T,AT&T Inc,Telecommunication Services,506.7
2018,2018-01-01,32,QCOM,QUALCOMM Inc.,Information Technology,498.7
2018,2018-01-01,33,UNH,United Health Group Inc.,Health Care,485.6
2018,2018-01-01,34,GILD,Gilead Sciences,Health Care,473.9
2018,2018-01-01,35,NKE,Nike,Consumer Discretionary,466.4
2018,2018-01-01,36,VZ,Verizon Communications,Telecommunication Services,455.8
2018,2018-01-01,37,IBM,International Business Machines,Information Technology,455.0
2018,2018-01-01,38,MRK,Merck & Co.,Health Care,453.6
2018,2018-01-01,39,COST,Costco Wholesale Corp.,Consumer Staples,449.0
2018,2018-01-01,40,PYPL,PayPal,Information Technology,439.4
2018,2018-01-01,41,PFE,Pfizer Inc.,Health Care,435.5
2018,2018-01-01,42,SBUX,Starbucks Corp.,Consumer Discretionary,432.9
2018,2018-01-01,43,GM,General Motors,Consumer Discretionary,428.1
2018,2018-01-01,44,CMG,Chipotle Mexican Grill,Consumer Discretionary,423.6
2018,2018-01-01,45,CVX,Chevron Corp.,Energy,420.0
2018,2018-01-01,46,BIIB,Biogen Inc.,Health Care,417.5
2018,2018-01-01,47,AMAT,Applied Materials Inc,Information Technology,409.8
2018,2018-01-01,48,AMGN,Amgen Inc,Health Care,408.2
2018,2018-01-01,49,MCD,McDonald's Corp.,Consumer Discretionary,404.8
2018,2018-01-01,50,CVS,CVS Health,Consumer Staples,404.0
2018,2018-01-01,51,LOW,Lowe's Cos.,Consumer Discretionary,394.8
2018,2018-01-01,52,CAT,Caterpillar Inc.,Industrials,393.3
2018,2018-01-01,53,SLB,Schlumberger Ltd.,Energy,390.1
2018,2018-01-01,54,CRM,Salesforce.com,Information Technology,389.9
2018,2018-01-01,55,MA,Mastercard Inc.,Information Technology,387.0
2018,2018-01-01,56,CSX,CSX Corp.,Industrials,378.4
2018,2018-01-01,57,KO,Coca-Cola Company (The),Consumer Staples,375.9
2018,2018-01-01,58,REGN,Regeneron,Health Care,369.6
2018,2018-01-01,59,ADBE,Adobe Systems Inc,Information Technology,357.8
2018,2018-01-01,60,DAL,Delta Air Lines Inc.,Industrials,345.5
2018,2018-01-01,61,HAL,Halliburton Co.,Energy,335.2
2018,2018-01-01,62,UNP,Union Pacific,Industrials,332.4
2018,2018-01-01,63,BMY,Bristol-Myers Squibb,Health Care,331.4
2018,2018-01-01,64,MS,Morgan Stanley,Financials,324.4
2018,2018-01-01,65,TGT,Target Corp.,Consumer Discretionary,321.3
2018,2018-01-01,66,WDC,Western Digital,Information Technology,313.3
2018,2018-01-01,67,MDT,Medtronic plc,Health Care,312.6
2018,2018-01-01,68,LRCX,Lam Research,Information Technology,308.3
2018,2018-01-01,69,PEP,PepsiCo Inc.,Consumer Staples,307.2
2018,2018-01-01,70,ABBV,AbbVie Inc.,Health Care,306.8
2018,2018-01-01,71,HON,Honeywell Int'l Inc.,Industrials,303.5
2018,2018-01-01,72,TXN,Texas Instruments,Information Technology,298.4
2018,2018-01-01,73,UAL,United Continental Holdings,Industrials,294.8
2018,2018-01-01,74,ISRG,Intuitive Surgical Inc.,Health Care,291.6
2018,2018-01-01,75,ORLY,O'Reilly Automotive,Consumer Discretionary,291.6
2018,2018-01-01,76,PM,Philip Morris International,Consumer Staples,288.6
2018,2018-01-01,77,AZO,AutoZone Inc,Consumer Discretionary,288.4
2018,2018-01-01,78,HUM,Humana Inc.,Health Care,288.3
2018,2018-01-01,79,AIG,"American International Group, Inc.",Financials,283.5
2018,2018-01-01,80,MMM,3M Company,Industrials,279.1
2018,2018-01-01,81,MDLZ,Mondelez International,Consumer Staples,274.0
2018,2018-01-01,82,EBAY,eBay Inc.,Information Technology,271.7
2018,2018-01-01,83,TJX,TJX Companies Inc.,Consumer Discretionary,271.6
2018,2018-01-01,84,F,Ford Motor,Consumer Discretionary,268.7
2018,2018-01-01,85,ABT,Abbott Laboratories,Health Care,267.7
2018,2018-01-01,86,AAL,American Airlines Group,Industrials,267.6
2018,2018-01-01,87,FDX,FedEx Corporation,Industrials,266.1
2018,2018-01-01,88,FCX,Freeport-McMoRan Inc.,Materials,265.7
2018,2018-01-01,89,AXP,American Express Co,Financials,265.1
2018,2018-01-01,90,SCHW,Charles Schwab Corporation,Financials,261.3
2018,2018-01-01,91,EXPE,Expedia Inc.,Consumer Discretionary,261.0
2018,2018-01-01,92,LLY,Lilly (Eli) & Co.,Health Care,260.7
2018,2018-01-01,93,TMO,Thermo Fisher Scientific,Health Care,260.4
2018,2018-01-01,94,ELV,Anthem Inc.,Health Care,259.7
2018,2018-01-01,95,MCK,McKesson Corp.,Health Care,258.5
2018,2018-01-01,96,LUV,Southwest Airlines,Industrials,257.8
2018,2018-01-01,97,KR,Kroger Co.,Consumer Staples,250.5
2018,2018-01-01,98,DE,Deere & Co.,Industrials,249.9
2018,2018-01-01,99,ULTA,Ulta Salon Cosmetics & Fragrance Inc,Consumer Discretionary,249.8
2018,2018-01-01,100,COP,ConocoPhillips,Energy,249.7
2019,2019-01-01,1,AMZN,Amazon.com Inc.,Consumer Discretionary,9157.2
2019,2019-01-01,2,AAPL,Apple Inc.,Information Technology,5991.9
2019,2019-01-01,3,META,"Facebook, Inc.",Communication Services,4607.9
2019,2019-01-01,4,NFLX,Netflix Inc.,Communication Services,3659.5
2019,2019-01-01,5,NVDA,Nvidia Corporation,Information Technology,3035.4
2019,2019-01-01,6,MSFT,Microsoft Corp.,Information Technology,2928.3
2019,2019-01-01,7,GOOGL,Alphabet Inc Class A,Communication Services,2256.2
2019,2019-01-01,8,MU,Micron Technology,Information Technology,2067.6
2019,2019-01-01,9,BAC,Bank of America Corp,Financials,1642.1
2019,2019-01-01,10,AMD,Advanced Micro Devices Inc,Information Technology,1637.1
2019,2019-01-01,11,BA,Boeing Company,Industrials,1467.7
2019,2019-01-01,12,JPM,JPMorgan Chase & Co.,Financials,1337.2
2019,2019-01-01,13,INTC,Intel Corp.,Information Technology,1215.8
2019,2019-01-01,14,V,Visa Inc.,Information Technology,1068.1
2019,2019-01-01,15,GE,General Electric,Industrials,1060.1
2019,2019-01-01,16,WFC,Wells Fargo,Financials,942.0
2019,2019-01-01,17,BRK-B,Berkshire Hathaway,Financials,918.9
2019,2019-01-01,18,C,Citigroup Inc.,Financials,910.3
2019,2019-01-01,19,CSCO,Cisco Systems,Information Technology,858.1
2019,2019-01-01,20,DIS,The Walt Disney Company,Communication Services,823.0
2019,2019-01-01,21,BKNG,Booking Holdings Inc,Consumer Discretionary,821.2
2019,2019-01-01,22,JNJ,Johnson & Johnson,Health Care,813.2
2019,2019-01-01,23,AVGO,Broadcom,Information Technology,795.2
2019,2019-01-01,24,ORCL,Oracle Corp.,Information Technology,776.0
2019,2019-01-01,25,ADBE,Adobe Systems Inc,Information Technology,772.9
2019,2019-01-01,26,WMT,Walmart,Consumer Staples,772.6
2019,2019-01-01,27,HD,Home Depot,Consumer Discretionary,758.8
2019,2019-01-01,28,CRM,Salesforce.com,Information Technology,752.7
2019,2019-01-01,29,XOM,Exxon Mobil Corp.,Energy,748.8
2019,2019-01-01,30,PYPL,PayPal,Information Technology,719.9
2019,2019-01-01,31,MA,Mastercard Inc.,Information Technology,717.0
2019,2019-01-01,32,UNH,United Health Group Inc.,Health Care,705.9
2019,2019-01-01,33,CMCSA,Comcast Corp.,Communication Services,703.5
2019,2019-01-01,34,T,AT&T Inc.,Communication Services,676.0
2019,2019-01-01,35,CAT,Caterpillar Inc.,Industrials,665.6
2019,2019-01-01,36,QCOM,QUALCOMM Inc.,Information Technology,650.4
2019,2019-01-01,37,GS,Goldman Sachs Group,Financials,645.8
2019,2019-01-01,38,PG,Procter & Gamble,Consumer Staples,633.5
2019,2019-01-01,39,PFE,Pfizer Inc.,Health Care,601.6
2019,2019-01-01,40,AMAT,Applied Materials Inc.,Information Technology,577.1
2019,2019-01-01,41,MRK,Merck & Co.,Health Care,564.4
2019,2019-01-01,42,CVX,Chevron Corp.,Energy,559.7
2019,2019-01-01,43,MCD,McDonald's Corp.,Consumer Discretionary,552.8
2019,2019-01-01,44,VZ,Verizon Communications,Communication Services,546.9
2019,2019-01-01,45,IBM,International Business Machines,Information Technology,546.2
2019,2019-01-01,46,SBUX,Starbucks Corp.,Consumer Discretionary,538.8
2019,2019-01-01,47,LRCX,Lam Research,Information Technology,526.7
2019,2019-01-01,48,UNP,Union Pacific,Industrials,525.7
2019,2019-01-01,49,AMGN,Amgen Inc.,Health Care,503.7
2019,2019-01-01,50,TXN,Texas Instruments,Information Technology,499.1
2019,2019-01-01,51,BIIB,Biogen Inc.,Health Care,493.6
2019,2019-01-01,52,ABBV,AbbVie Inc.,Health Care,488.7
2019,2019-01-01,53,CHTR,Charter Communications,Communication Services,482.5
2019,2019-01-01,54,NKE,Nike,Consumer Discretionary,475.9
2019,2019-01-01,55,LOW,Lowe's Cos.,Consumer Discretionary,468.4
2019,2019-01-01,56,CVS,CVS Health,Health Care,461.8
2019,2019-01-01,57,WYNN,Wynn Resorts Ltd,Consumer Discretionary,442.5
2019,2019-01-01,58,KO,Coca-Cola Company (The),Consumer Staples,442.0
2019,2019-01-01,59,COST,Costco Wholesale Corp.,Consumer Staples,437.4
2019,2019-01-01,60,SLB,Schlumberger Ltd.,Energy,429.8
2019,2019-01-01,61,PEP,PepsiCo Inc.,Consumer Staples,429.3
2019,2019-01-01,62,GM,General Motors,Consumer Discretionary,421.3
2019,2019-01-01,63,MMM,3M Company,Industrials,412.6
2019,2019-01-01,64,CI,CIGNA Corp.,Health Care,410.4
2019,2019-01-01,65,GILD,Gilead Sciences,Health Care,403.8
2019,2019-01-01,66,MS,Morgan Stanley,Financials,401.0
2019,2019-01-01,67,ISRG,Intuitive Surgical Inc.,Health Care,385.4
2019,2019-01-01,68,HON,Honeywell Int'l Inc.,Industrials,383.2
2019,2019-01-01,69,LMT,Lockheed Martin Corp.,Industrials,382.5
2019,2019-01-01,70,FDX,FedEx Corporation,Industrials,375.4
2019,2019-01-01,71,MDT,Medtronic plc,Health Care,363.5
2019,2019-01-01,72,STZ,Constellation Brands,Consumer Staples,363.3
2019,2019-01-01,73,LLY,Lilly (Eli) & Co.,Health Care,362.9
2019,2019-01-01,74,PM,Philip Morris International,Consumer Staples,359.7
2019,2019-01-01,75,CMG,Chipotle Mexican Grill,Consumer Discretionary,358.6
2019,2019-01-01,76,DAL,Delta Air Lines Inc.,Industrials,350.7
2019,2019-01-01,77,ABT,Abbott Laboratories,Health Care,348.0
2019,2019-01-01,78,DE,Deere & Co.,Industrials,347.3
2019,2019-01-01,79,EBAY,eBay Inc.,Consumer Discretionary,345.6
2019,2019-01-01,80,HAL,Halliburton Co.,Energy,345.2
2019,2019-01-01,81,CSX,CSX Corp.,Industrials,336.9
2019,2019-01-01,82,LIN,Linde plc,Materials,334.6
2019,2019-01-01,83,TGT,Target Corp.,Consumer Discretionary,333.3
2019,2019-01-01,84,COP,ConocoPhillips,Energy,331.2
2019,2019-01-01,85,AXP,American Express Co,Financials,331.2
2019,2019-01-01,86,BMY,Bristol-Myers Squibb,Health Care,330.7
2019,2019-01-01,87,NOC,Northrop Grumman Corp.,Industrials,326.7
2019,2019-01-01,88,TMO,Thermo Fisher Scientific,Health Care,324.8
2019,2019-01-01,89,MPC,Marathon Petroleum,Energy,321.8
2019,2019-01-01,90,TJX,TJX Companies Inc.,Consumer Discretionary,321.3
2019,2019-01-01,91,SCHW,Charles Schwab Corporation,Financials,320.6
2019,2019-01-01,92,ACN,Accenture plc,Information Technology,316.8
2019,2019-01-01,93,ELV,Anthem Inc.,Health Care,314.5
2019,2019-01-01,94,OXY,Occidental Petroleum,Energy,309.1
2019,2019-01-01,95,ALGN,Align Technology,Health Care,304.2
2019,2019-01-01,96,F,Ford Motor,Consumer Discretionary,299.7
2019,2019-01-01,97,DLTR,Dollar Tree,Consumer Discretionary,293.3
2019,2019-01-01,98,WDC,Western Digital,Information Technology,291.2
2019,2019-01-01,99,UAL,United Continental Holdings,Industrials,289.7
2019,2019-01-01,100,REGN,Regeneron,Health Care,286.7
2020,2020-01-01,1,AMZN,Amazon.com Inc.,Consumer Discretionary,6876.1
2020,2020-01-01,2,AAPL,Apple Inc.,Information Technology,5510.8
2020,2020-01-01,3,MSFT,Microsoft Corp.,Information Technology,2967.2
2020,2020-01-01,4,META,"Facebook, Inc.",Communication Services,2880.1
2020,2020-01-01,5,NFLX,Netflix Inc.,Communication Services,2559.2
2020,2020-01-01,6,BA,Boeing Company,Industrials,1930.6
2020,2020-01-01,7,AMD,Advanced Micro Devices Inc,Information Technology,1927.9
2020,2020-01-01,8,NVDA,Nvidia Corporation,Information Technology,1920.7
2020,2020-01-01,9,GOOGL,Alphabet Inc Class A,Communication Services,1777.9
2020,2020-01-01,10,BAC,Bank of America Corp,Financials,1333.8
2020,2020-01-01,11,DIS,The Walt Disney Company,Communication Services,1279.5
2020,2020-01-01,12,V,Visa Inc.,Information Technology,1187.4
2020,2020-01-01,13,JPM,JPMorgan Chase & Co.,Financials,1095.2
2020,2020-01-01,14,MU,Micron Technology,Information Technology,1079.7
2020,2020-01-01,15,INTC,Intel Corp.,Information Technology,972.1
2020,2020-01-01,16,UNH,United Health Group Inc.,Health Care,940.0
2020,2020-01-01,17,CRM,Salesforce.com,Information Technology,855.6
2020,2020-01-01,18,CSCO,Cisco Systems,Information Technology,842.3
2020,2020-01-01,19,MA,Mastercard Inc.,Information Technology,835.2
2020,2020-01-01,20,WFC,Wells Fargo,Financials,817.3
2020,2020-01-01,21,QCOM,QUALCOMM Inc.,Information Technology,809.6
2020,2020-01-01,22,BRK-B,Berkshire Hathaway,Financials,797.6
2020,2020-01-01,23,JNJ,Johnson & Johnson,Health Care,781.1
2020,2020-01-01,24,LLY,Lilly (Eli) & Co.,Health Care,776.4
2020,2020-01-01,25,ADBE,Adobe Systems Inc,Information Technology,737.2
2020,2020-01-01,26,C,Citigroup Inc.,Financials,731.6
2020,2020-01-01,27,HD,Home Depot,Consumer Discretionary,720.3
2020,2020-01-01,28,BKNG,Booking Holdings Inc,Consumer Discretionary,700.9
2020,2020-01-01,29,PYPL,PayPal,Information Technology,694.8
2020,2020-01-01,30,PG,Procter & Gamble,Consumer Staples,693.4
2020,2020-01-01,31,GE,General Electric,Industrials,657.7
2020,2020-01-01,32,DHR,Danaher Corp.,Health Care,641.1
2020,2020-01-01,33,PFE,Pfizer Inc.,Health Care,640.4
2020,2020-01-01,34,MRK,Merck & Co.,Health Care,632.9
2020,2020-01-01,35,ORCL,Oracle Corp.,Information Technology,631.0
2020,2020-01-01,36,T,AT&T Inc.,Communication Services,624.0
2020,2020-01-01,37,XOM,Exxon Mobil Corp.,Energy,620.2
2020,2020-01-01,38,CMCSA,Comcast Corp.,Communication Services,616.8
2020,2020-01-01,39,BMY,Bristol-Myers Squibb,Health Care,615.6
2020,2020-01-01,40,AVGO,Broadcom Inc.,Information Technology,615.3
2020,2020-01-01,41,WMT,Walmart,Consumer Staples,584.1
2020,2020-01-01,42,MCD,McDonald's Corp.,Consumer Discretionary,551.0
2020,2020-01-01,43,CVX,Chevron Corp.,Energy,550.5
2020,2020-01-01,44,SBUX,Starbucks Corp.,Consumer Discretionary,542.2
2020,2020-01-01,45,NOW,ServiceNow,Information Technology,537.4
2020,2020-01-01,46,KO,Coca-Cola Company,Consumer Staples,517.7
2020,2020-01-01,47,NKE,Nike,Consumer Discretionary,494.8
2020,2020-01-01,48,VZ,Verizon Communications,Communication Services,492.6
2020,2020-01-01,49,BIIB,Biogen Inc.,Health Care,488.2
2020,2020-01-01,50,UNP,Union Pacific Corp,Industrials,480.7
2020,2020-01-01,51,CAT,Caterpillar Inc.,Industrials,467.9
2020,2020-01-01,52,COST,Costco Wholesale Corp.,Consumer Staples,467.7
2020,2020-01-01,53,TXN,Texas Instruments,Information Technology,460.3
2020,2020-01-01,54,CVS,CVS Health,Health Care,454.4
2020,2020-01-01,55,ABBV,AbbVie Inc.,Health Care,445.4
2020,2020-01-01,56,GS,Goldman Sachs Group,Financials,442.3
2020,2020-01-01,57,CHTR,Charter Communications,Communication Services,440.2
2020,2020-01-01,58,PEP,PepsiCo Inc.,Consumer Staples,438.9
2020,2020-01-01,59,AMGN,Amgen Inc.,Health Care,435.7
2020,2020-01-01,60,LOW,Lowe's Cos.,Consumer Discretionary,410.6
2020,2020-01-01,61,ELV,Anthem,Health Care,406.7
2020,2020-01-01,62,TMO,Thermo Fisher Scientific,Health Care,404.7
2020,2020-01-01,63,MDT,Medtronic plc,Health Care,395.3
2020,2020-01-01,64,CMG,Chipotle Mexican Grill,Consumer Discretionary,384.7
2020,2020-01-01,65,TGT,Target Corp.,Consumer Discretionary,383.2
2020,2020-01-01,66,HON,Honeywell Int'l Inc.,Industrials,381.6
2020,2020-01-01,67,IBM,International Business Machines,Information Technology,379.8
2020,2020-01-01,68,MMM,3M Company,Industrials,379.4
2020,2020-01-01,69,AMAT,Applied Materials Inc.,Information Technology,377.5
2020,2020-01-01,70,OXY,Occidental Petroleum,Energy,374.7
2020,2020-01-01,71,FIS,Fidelity National Information Services,Information Technology,366.3
2020,2020-01-01,72,MS,Morgan Stanley,Financials,365.5
2020,2020-01-01,73,DD,DuPont de Nemours Inc,Materials,363.1
2020,2020-01-01,74,ABT,Abbott Laboratories,Health Care,362.6
2020,2020-01-01,75,CI,CIGNA Corp.,Health Care,361.4
2020,2020-01-01,76,LRCX,Lam Research,Information Technology,360.3
2020,2020-01-01,77,ISRG,Intuitive Surgical Inc.,Health Care,356.9
2020,2020-01-01,78,AXP,American Express Co,Financials,344.0
2020,2020-01-01,79,FDX,FedEx Corporation,Industrials,343.7
2020,2020-01-01,80,SLB,Schlumberger Ltd.,Energy,340.9
2020,2020-01-01,81,NEE,NextEra Energy,Utilities,336.6
2020,2020-01-01,82,INTU,Intuit Inc.,Information Technology,336.3
2020,2020-01-01,83,GILD,Gilead Sciences,Health Care,331.0
2020,2020-01-01,84,SCHW,Charles Schwab Corporation,Financials,330.8
2020,2020-01-01,85,LMT,Lockheed Martin Corp.,Industrials,324.5
2020,2020-01-01,86,DAL,Delta Air Lines Inc.,Industrials,323.8
2020,2020-01-01,87,PM,Philip Morris International,Consumer Staples,315.5
2020,2020-01-01,88,COP,ConocoPhillips,Energy,310.1
2020,2020-01-01,89,ULTA,Ulta Beauty,Consumer Discretionary,309.7
2020,2020-01-01,90,HUM,Humana Inc.,Health Care,308.9
2020,2020-01-01,91,ILMN,Illumina Inc,Health Care,307.5
2020,2020-01-01,92,CSX,CSX Corp.,Industrials,307.4
2020,2020-01-01,93,CNC,Centene Corporation,Health Care,305.7
2020,2020-01-01,94,GM,General Motors,Consumer Discretionary,303.8
2020,2020-01-01,95,ACN,Accenture plc,Information Technology,300.7
2020,2020-01-01,96,EBAY,eBay Inc.,Consumer Discretionary,300.6
2020,2020-01-01,97,MPC,Marathon Petroleum,Energy,296.3
2020,2020-01-01,98,AMT,American Tower Corp.,Real Estate,288.4
2020,2020-01-01,99,DE,Deere & Co.,Industrials,287.2
2020,2020-01-01,100,ALGN,Align Technology,Health Care,285.3
2021,2021-01-01,1,TSLA,"Tesla, Inc.",Consumer Discretionary,19464.3
2021,2021-01-01,2,AAPL,Apple Inc.,Information Technology,14121.0
2021,2021-01-01,3,AMZN,Amazon.com Inc.,Consumer Discretionary,13065.1
2021,2021-01-01,4,MSFT,Microsoft Corp.,Information Technology,6707.1
2021,2021-01-01,5,META,"Facebook, Inc.",Communication Services,5166.5
2021,2021-01-01,6,BA,Boeing Company,Industrials,5042.5
2021,2021-01-01,7,NVDA,Nvidia Corporation,Information Technology,4594.7
2021,2021-01-01,8,AMD,Advanced Micro Devices Inc,Information Technology,3877.3
2021,2021-01-01,9,NFLX,Netflix Inc.,Communication Services,3062.0
2021,2021-01-01,10,GOOGL,Alphabet Inc. (Class A),Communication Services,2844.5
2021,2021-01-01,11,V,Visa Inc.,Information Technology,1761.2
2021,2021-01-01,12,DIS,The Walt Disney Company,Communication Services,1736.8
2021,2021-01-01,13,JPM,JPMorgan Chase & Co.,Financials,1687.0
2021,2021-01-01,14,INTC,Intel Corp.,Information Technology,1511.4
2021,2021-01-01,15,CRM,Salesforce.com,Information Technology,1510.0
2021,2021-01-01,16,BAC,Bank of America Corp,Financials,1496.1
2021,2021-01-01,17,PYPL,PayPal,Information Technology,1387.9
2021,2021-01-01,18,MA,Mastercard Inc.,Information Technology,1355.7
2021,2021-01-01,19,BRK-B,Berkshire Hathaway,Financials,1253.0
2021,2021-01-01,20,ADBE,Adobe Inc.,Information Technology,1251.9
2021,2021-01-01,21,UAL,United Airlines Holdings,Industrials,1153.4
2021,2021-01-01,22,MU,Micron Technology,Information Technology,1126.4
2021,2021-01-01,23,WMT,Walmart,Consumer Staples,1078.4
2021,2021-01-01,24,UNH,UnitedHealth Group Inc.,Health Care,1055.0
2021,2021-01-01,25,C,Citigroup Inc.,Financials,1031.0
2021,2021-01-01,26,WFC,Wells Fargo,Financials,1009.4
2021,2021-01-01,27,JNJ,Johnson & Johnson,Health Care,974.8
2021,2021-01-01,28,HD,Home Depot,Consumer Discretionary,967.4
2021,2021-01-01,29,XOM,Exxon Mobil Corp.,Energy,950.1
2021,2021-01-01,30,AAL,American Airlines Group,Industrials,945.4
2021,2021-01-01,31,CSCO,Cisco Systems,Information Technology,889.5
2021,2021-01-01,32,PFE,Pfizer Inc.,Health Care,872.1
2021,2021-01-01,33,DAL,Delta Air Lines Inc.,Industrials,861.9
2021,2021-01-01,34,PG,Procter & Gamble,Consumer Staples,850.4
2021,2021-01-01,35,QCOM,QUALCOMM Inc.,Information Technology,849.5
2021,2021-01-01,36,COST,Costco Wholesale Corp.,Consumer Staples,819.0
2021,2021-01-01,37,T,AT&T Inc.,Communication Services,816.5
2021,2021-01-01,38,BKNG,Booking Holdings Inc,Consumer Discretionary,807.6
2021,2021-01-01,39,GILD,Gilead Sciences,Health Care,769.5
2021,2021-01-01,40,GE,General Electric,Industrials,755.7
2021,2021-01-01,41,CCL,Carnival Corp.,Consumer Discretionary,748.8
2021,2021-01-01,42,CMCSA,Comcast Corp.,Communication Services,741.8
2021,2021-01-01,43,CVX,Chevron Corp.,Energy,730.8
2021,2021-01-01,44,NOW,ServiceNow,Information Technology,710.8
2021,2021-01-01,45,KO,Coca-Cola Company,Consumer Staples,692.4
2021,2021-01-01,46,NKE,"Nike, Inc.",Consumer Discretionary,683.0
2021,2021-01-01,47,MRK,Merck & Co.,Health Care,676.9
2021,2021-01-01,48,CHTR,Charter Communications,Communication Services,671.1
2021,2021-01-01,49,SBUX,Starbucks Corp.,Consumer Discretionary,663.8
2021,2021-01-01,50,ABBV,AbbVie Inc.,Health Care,662.6
2021,2021-01-01,51,ORCL,Oracle Corp.,Information Technology,658.5
2021,2021-01-01,52,VZ,Verizon Communications,Communication Services,658.3
2021,2021-01-01,53,MCD,McDonald's Corp.,Consumer Discretionary,652.8
2021,2021-01-01,54,AVGO,Broadcom Inc.,Information Technology,647.3
2021,2021-01-01,55,RCL,Royal Caribbean Group,Consumer Discretionary,639.0
2021,2021-01-01,56,GS,Goldman Sachs Group,Financials,626.2
2021,2021-01-01,57,BMY,Bristol-Myers Squibb,Health Care,623.6
2021,2021-01-01,58,TMO,Thermo Fisher Scientific,Health Care,615.0
2021,2021-01-01,59,RTX,Raytheon Technologies,Industrials,593.0
2021,2021-01-01,60,LOW,Lowe's Cos.,Consumer Discretionary,591.1
2021,2021-01-01,61,REGN,Regeneron Pharmaceuticals,Health Care,581.1
2021,2021-01-01,62,NCLH,Norwegian Cruise Line Holdings,Consumer Discretionary,570.1
2021,2021-01-01,63,LRCX,Lam Research,Information Technology,561.9
2021,2021-01-01,64,ABT,Abbott Laboratories,Health Care,557.6
2021,2021-01-01,65,PEP,PepsiCo Inc.,Consumer Staples,554.9
2021,2021-01-01,66,TXN,Texas Instruments,Information Technology,553.8
2021,2021-01-01,67,LLY,Lilly (Eli) & Co.,Health Care,543.3
2021,2021-01-01,68,IBM,International Business Machines,Information Technology,533.6
2021,2021-01-01,69,MS,Morgan Stanley,Financials,533.2
2021,2021-01-01,70,AMGN,Amgen Inc.,Health Care,531.4
2021,2021-01-01,71,TMUS,T-Mobile US,Communication Services,526.7
2021,2021-01-01,72,TGT,Target Corp.,Consumer Discretionary,520.3
2021,2021-01-01,73,FDX,FedEx Corporation,Industrials,515.4
2021,2021-01-01,74,UNP,Union Pacific Corp,Industrials,515.3
2021,2021-01-01,75,NEE,NextEra Energy,Utilities,511.8
2021,2021-01-01,76,BIIB,Biogen Inc.,Health Care,491.1
2021,2021-01-01,77,HON,Honeywell Int'l Inc.,Industrials,490.8
2021,2021-01-01,78,AXP,American Express Co,Financials,489.1
2021,2021-01-01,79,DHR,Danaher Corp.,Health Care,487.6
2021,2021-01-01,80,AMAT,Applied Materials Inc.,Information Technology,472.3
2021,2021-01-01,81,MDT,Medtronic plc,Health Care,468.2
2021,2021-01-01,82,LMT,Lockheed Martin Corp.,Industrials,467.8
2021,2021-01-01,83,CAT,Caterpillar Inc.,Industrials,463.3
2021,2021-01-01,84,OXY,Occidental Petroleum,Energy,462.4
2021,2021-01-01,85,CMG,Chipotle Mexican Grill,Consumer Discretionary,460.7
2021,2021-01-01,86,CVS,CVS Health,Health Care,453.7
2021,2021-01-01,87,VRTX,Vertex Pharmaceuticals Inc,Health Care,451.8
2021,2021-01-01,88,LUV,Southwest Airlines,Industrials,450.2
2021,2021-01-01,89,GM,General Motors,Consumer Discretionary,440.4
2021,2021-01-01,90,FIS,Fidelity National Information Services,Information Technology,440.1
2021,2021-01-01,91,EBAY,eBay Inc.,Consumer Discretionary,439.4
2021,2021-01-01,92,ISRG,Intuitive Surgical Inc.,Health Care,434.3
2021,2021-01-01,93,UPS,United Parcel Service,Industrials,430.7
2021,2021-01-01,94,ACN,Accenture plc,Information Technology,430.6
2021,2021-01-01,95,DXCM,DexCom,Health Care,430.6
2021,2021-01-01,96,MMM,3M Company,Industrials,418.5
2021,2021-01-01,97,AMT,American Tower Corp.,Real Estate,416.2
2021,2021-01-01,98,LIN,Linde plc,Materials,409.7
2021,2021-01-01,99,BLK,BlackRock,Financials,408.0
2021,2021-01-01,100,SCHW,Charles Schwab Corporation,Financials,407.8
2022,2022-01-01,1,TSLA,Tesla,Consumer Discretionary,21363.4
2022,2022-01-01,2,AAPL,Apple,Information Technology,12409.1
2022,2022-01-01,3,AMZN,Amazon,Consumer Discretionary,11341.4
2022,2022-01-01,4,NVDA,Nvidia,Information Technology,7255.5
2022,2022-01-01,5,MSFT,Microsoft,Information Technology,6815.0
2022,2022-01-01,6,META,Meta Platforms,Communication Services,5926.5
2022,2022-01-01,7,AMD,Advanced Micro Devices,Information Technology,5355.7
2022,2022-01-01,8,GOOGL,Alphabet (Class A),Communication Services,3696.8
2022,2022-01-01,9,MRNA,Moderna,Health Care,3565.7
2022,2022-01-01,10,BA,Boeing,Industrials,2760.0
2022,2022-01-01,11,PYPL,PayPal,Information Technology,2259.2
2022,2022-01-01,12,NFLX,Netflix,Communication Services,2180.1
2022,2022-01-01,13,V,Visa,Information Technology,1840.5
2022,2022-01-01,14,JPM,JPMorgan Chase,Financials,1752.2
2022,2022-01-01,15,DIS,The Walt Disney Company,Communication Services,1737.8
2022,2022-01-01,16,BAC,Bank of America,Financials,1706.0
2022,2022-01-01,17,MU,Micron Technology,Information Technology,1549.9
2022,2022-01-01,18,CRM,Salesforce,Information Technology,1476.9
2022,2022-01-01,19,INTC,Intel,Information Technology,1469.5
2022,2022-01-01,20,MA,Mastercard,Information Technology,1395.2
2022,2022-01-01,21,ADBE,Adobe,Information Technology,1308.7
2022,2022-01-01,22,BRK-B,Berkshire Hathaway,Financials,1233.8
2022,2022-01-01,23,QCOM,Qualcomm,Information Technology,1199.8
2022,2022-01-01,24,C,Citigroup,Financials,1154.6
2022,2022-01-01,25,XOM,ExxonMobil,Energy,1139.0
2022,2022-01-01,26,WFC,Wells Fargo,Financials,1098.1
2022,2022-01-01,27,WMT,Walmart,Consumer Staples,1098.1
2022,2022-01-01,28,PFE,Pfizer,Health Care,1095.2
2022,2022-01-01,29,UNH,UnitedHealth Group,Health Care,1077.6
2022,2022-01-01,30,HD,Home Depot,Consumer Discretionary,1074.2
2022,2022-01-01,31,GM,General Motors,Consumer Discretionary,1020.8
2022,2022-01-01,32,JNJ,Johnson & Johnson,Health Care,1016.7
2022,2022-01-01,33,AMAT,Applied Materials,Information Technology,1016.1
2022,2022-01-01,34,PG,Procter & Gamble,Consumer Staples,941.2
2022,2022-01-01,35,CSCO,Cisco Systems,Information Technology,885.3
2022,2022-01-01,36,T,AT&T,Communication Services,882.9
2022,2022-01-01,37,CVX,Chevron,Energy,882.8
2022,2022-01-01,38,COST,Costco,Consumer Staples,877.0
2022,2022-01-01,39,GS,Goldman Sachs,Financials,866.5
2022,2022-01-01,40,NKE,Nike,Consumer Discretionary,862.8
2022,2022-01-01,41,ORCL,Oracle,Information Technology,857.8
2022,2022-01-01,42,AVGO,Broadcom,Information Technology,850.0
2022,2022-01-01,43,GE,General Electric,Industrials,839.4
2022,2022-01-01,44,F,Ford,Consumer Discretionary,838.9
2022,2022-01-01,45,CCL,Carnival Corporation,Consumer Discretionary,837.5
2022,2022-01-01,46,MRK,Merck,Health Care,834.1
2022,2022-01-01,47,LRCX,Lam Research,Information Technology,802.4
2022,2022-01-01,48,CMCSA,Comcast,Communication Services,798.9
2022,2022-01-01,49,TMO,Thermo Fisher Scientific,Health Care,775.2
2022,2022-01-01,50,BKNG,Booking Holdings,Consumer Discretionary,774.7
2022,2022-01-01,51,AAL,American Airlines Group,Industrials,767.4
2022,2022-01-01,52,NOW,ServiceNow,Information Technology,735.9
2022,2022-01-01,53,MS,Morgan Stanley,Financials,733.8
2022,2022-01-01,54,VZ,Verizon Communications,Communication Services,733.0
2022,2022-01-01,55,KO,Coca-Cola,Consumer Staples,728.4
2022,2022-01-01,56,FCX,Freeport-McMoRan,Materials,722.8
2022,2022-01-01,57,LLY,Eli Lilly,Health Care,707.1
2022,2022-01-01,58,TXN,Texas Instruments,Information Technology,678.6
2022,2022-01-01,59,CHTR,Charter Communications,Communication Services,677.7
2022,2022-01-01,60,LOW,Lowe's,Consumer Discretionary,668.1
2022,2022-01-01,61,UAL,United Airlines,Industrials,664.7
2022,2022-01-01,62,TGT,Target,Consumer Discretionary,651.2
2022,2022-01-01,63,CAT,Caterpillar,Industrials,649.0
2022,2022-01-01,64,DHR,Danaher,Health Care,645.0
2022,2022-01-01,65,ABBV,AbbVie,Health Care,634.6
2022,2022-01-01,66,INTU,Intuit,Information Technology,629.7
2022,2022-01-01,67,SBUX,Starbucks,Consumer Discretionary,602.5
2022,2022-01-01,68,PEP,PepsiCo,Consumer Staples,593.5
2022,2022-01-01,69,ABT,Abbott Laboratories,Health Care,585.1
2022,2022-01-01,70,FDX,FedEx,Industrials,583.0
2022,2022-01-01,71,IBM,IBM,Information Technology,577.9
2022,2022-01-01,72,ETSY,Etsy,Consumer Discretionary,576.1
2022,2022-01-01,73,TMUS,T-Mobile US,Communication Services,567.8
2022,2022-01-01,74,ACN,Accenture,Information Technology,566.9
2022,2022-01-01,75,BMY,Bristol Myers Squibb,Health Care,566.2
2022,2022-01-01,76,DE,Deere & Co.,Industrials,560.1
2022,2022-01-01,77,MCD,McDonald's,Consumer Discretionary,559.0
2022,2022-01-01,78,UNP,Union Pacific,Industrials,549.4
2022,2022-01-01,79,ADI,Analog Devices,Information Technology,530.4
2022,2022-01-01,80,HON,Honeywell,Industrials,529.8
2022,2022-01-01,81,AXP,American Express,Financials,524.2
2022,2022-01-01,82,NEE,NextEra Energy,Utilities,523.8
2022,2022-01-01,83,SPGI,S&P Global,Financials,521.7
2022,2022-01-01,84,AMGN,Amgen,Health Care,520.6
2022,2022-01-01,85,DAL,Delta Air Lines,Industrials,515.0
2022,2022-01-01,86,NXPI,NXP,Information Technology,505.6
2022,2022-01-01,87,MDT,Medtronic,Health Care,501.4
2022,2022-01-01,88,ENPH,Enphase Energy,Information Technology,500.0
2022,2022-01-01,89,ISRG,Intuitive Surgical,Health Care,486.2
2022,2022-01-01,90,NCLH,Norwegian Cruise Line Holdings,Consumer Discretionary,485.0
2022,2022-01-01,91,UPS,United Parcel Service,Industrials,464.8
2022,2022-01-01,92,LMT,Lockheed Martin,Industrials,461.1
2022,2022-01-01,93,LIN,Linde,Materials,460.9
2022,2022-01-01,94,REGN,Regeneron Pharmaceuticals,Health Care,458.8
2022,2022-01-01,95,OXY,Occidental Petroleum,Energy,448.6
2022,2022-01-01,96,COP,ConocoPhillips,Energy,439.6
2022,2022-01-01,97,SCHW,Charles Schwab,Financials,438.3
2022,2022-01-01,98,EBAY,eBay,Consumer Discretionary,435.3
2022,2022-01-01,99,CVS,CVS Health,Health Care,428.3
2022,2022-01-01,100,BIIB,Biogen,Health Care,424.3
2023,2023-01-01,1,TSLA,"Tesla, Inc.",Consumer Discretionary,21972.1
2023,2023-01-01,2,AAPL,Apple Inc.,Information Technology,13300.3
2023,2023-01-01,3,NVDA,Nvidia,Information Technology,9975.8
2023,2023-01-01,4,AMZN,Amazon,Consumer Discretionary,9439.4
2023,2023-01-01,5,AMD,AMD,Information Technology,8466.6
2023,2023-01-01,6,MSFT,Microsoft,Information Technology,8137.8
2023,2023-01-01,7,META,Meta Platforms,Communication Services,6064.6
2023,2023-01-01,8,GOOGL,Alphabet Inc. (Class A),Communication Services,3973.8
2023,2023-01-01,9,NFLX,Netflix,Communication Services,2911.0
2023,2023-01-01,10,XOM,ExxonMobil,Energy,1961.0
2023,2023-01-01,11,PYPL,PayPal,Information Technology,1662.7
2023,2023-01-01,12,JPM,JPMorgan Chase,Financials,1588.2
2023,2023-01-01,13,BAC,Bank of America,Financials,1569.5
2023,2023-01-01,14,CVX,Chevron Corporation,Energy,1512.1
2023,2023-01-01,15,V,Visa Inc.,Information Technology,1504.8
2023,2023-01-01,16,BA,Boeing,Industrials,1467.6
2023,2023-01-01,17,UNH,UnitedHealth Group,Health Care,1445.6
2023,2023-01-01,18,INTC,Intel,Information Technology,1406.8
2023,2023-01-01,19,OXY,Occidental Petroleum,Energy,1402.6
2023,2023-01-01,20,DIS,Disney,Communication Services,1396.7
2023,2023-01-01,21,ADBE,Adobe Inc.,Information Technology,1387.4
2023,2023-01-01,22,BRK-B,Berkshire Hathaway,Financials,1356.1
2023,2023-01-01,23,CRM,Salesforce,Information Technology,1310.2
2023,2023-01-01,24,MU,Micron Technology,Information Technology,1275.5
2023,2023-01-01,25,QCOM,Qualcomm,Information Technology,1211.8
2023,2023-01-01,26,AVGO,Broadcom Inc.,Information Technology,1200.8
2023,2023-01-01,27,COST,Costco,Consumer Staples,1197.8
2023,2023-01-01,28,HD,The Home Depot,Consumer Discretionary,1190.5
2023,2023-01-01,29,MA,Mastercard,Information Technology,1140.0
2023,2023-01-01,30,JNJ,Johnson & Johnson,Health Care,1107.6
2023,2023-01-01,31,WMT,Walmart,Consumer Staples,1037.6
2023,2023-01-01,32,C,Citigroup,Financials,1008.1
2023,2023-01-01,33,MRNA,Moderna,Health Care,992.9
2023,2023-01-01,34,WFC,Wells Fargo,Financials,978.1
2023,2023-01-01,35,PG,Procter & Gamble,Consumer Staples,968.2
2023,2023-01-01,36,PFE,Pfizer,Health Care,957.5
2023,2023-01-01,37,CSCO,Cisco,Information Technology,918.2
2023,2023-01-01,38,TXN,Texas Instruments,Information Technology,881.8
2023,2023-01-01,39,KO,The Coca-Cola Company,Consumer Staples,866.8
2023,2023-01-01,40,LLY,Eli Lilly and Company,Health Care,857.4
2023,2023-01-01,41,F,Ford Motor Company,Consumer Discretionary,852.4
2023,2023-01-01,42,AMAT,Applied Materials,Information Technology,847.8
2023,2023-01-01,43,CMCSA,Comcast,Communication Services,846.1
2023,2023-01-01,44,BKNG,Booking Holdings,Consumer Discretionary,827.5
2023,2023-01-01,45,MRK,Merck & Co.,Health Care,826.4
2023,2023-01-01,46,ABBV,AbbVie,Health Care,824.0
2023,2023-01-01,47,VZ,Verizon,Communication Services,814.4
2023,2023-01-01,48,NKE,"Nike, Inc.",Consumer Discretionary,805.9
2023,2023-01-01,49,NOW,ServiceNow,Information Technology,804.7
2023,2023-01-01,50,TMO,Thermo Fisher Scientific,Health Care,795.0
2023,2023-01-01,51,GS,Goldman Sachs,Financials,790.3
2023,2023-01-01,52,ENPH,Enphase,Information Technology,767.7
2023,2023-01-01,53,INTU,Intuit,Information Technology,765.5
2023,2023-01-01,54,PEP,PepsiCo,Consumer Staples,758.6
2023,2023-01-01,55,T,AT&T,Communication Services,752.4
2023,2023-01-01,56,SPGI,S&P Global,Financials,741.8
2023,2023-01-01,57,BMY,Bristol Myers Squibb,Health Care,729.7
2023,2023-01-01,58,TGT,Target Corporation,Consumer Discretionary,729.1
2023,2023-01-01,59,LOW,Lowe's,Consumer Discretionary,719.4
2023,2023-01-01,60,LRCX,Lam Research,Information Technology,709.0
2023,2023-01-01,61,DHR,Danaher Corporation,Health Care,695.0
2023,2023-01-01,62,COP,ConocoPhillips,Energy,691.4
2023,2023-01-01,63,SBUX,Starbucks,Consumer Discretionary,687.1
2023,2023-01-01,64,CHTR,Charter Communications,Communication Services,679.5
2023,2023-01-01,65,MS,Morgan Stanley,Financials,672.6
2023,2023-01-01,66,MCD,McDonald's,Consumer Discretionary,672.2
2023,2023-01-01,67,ACN,Accenture,Information Technology,655.1
2023,2023-01-01,68,GM,General Motors,Consumer Discretionary,651.9
2023,2023-01-01,69,UNP,Union Pacific Corporation,Industrials,649.0
2023,2023-01-01,70,AMGN,Amgen,Health Care,641.9
2023,2023-01-01,71,TMUS,T-Mobile US,Communication Services,633.9
2023,2023-01-01,72,CAT,Caterpillar Inc.,Industrials,627.6
2023,2023-01-01,73,NEE,NextEra Energy,Utilities,626.0
2023,2023-01-01,74,LMT,Lockheed Martin,Industrials,622.2
2023,2023-01-01,75,DE,John Deere,Industrials,620.2
2023,2023-01-01,76,FCX,Freeport-McMoRan,Materials,618.9
2023,2023-01-01,77,DVN,Devon Energy,Energy,615.1
2023,2023-01-01,78,LIN,Linde plc,Materials,597.5
2023,2023-01-01,79,ORCL,Oracle Corporation,Information Technology,596.9
2023,2023-01-01,80,CCL,Carnival,Consumer Discretionary,591.8
2023,2023-01-01,81,SCHW,Charles Schwab Corporation,Financials,572.6
2023,2023-01-01,82,IBM,IBM,Information Technology,572.3
2023,2023-01-01,83,ABT,Abbott,Health Care,567.2
2023,2023-01-01,84,MMM,3M,Industrials,557.5
2023,2023-01-01,85,HON,Honeywell,Industrials,554.7
2023,2023-01-01,86,AAL,American Airlines Group,Industrials,543.5
2023,2023-01-01,87,AXP,American Express,Financials,536.1
2023,2023-01-01,88,ADI,Analog Devices,Information Technology,532.2
2023,2023-01-01,89,SLB,Schlumberger,Energy,531.0
2023,2023-01-01,90,BLK,BlackRock,Financials,522.6
2023,2023-01-01,91,MDT,Medtronic,Health Care,519.8
2023,2023-01-01,92,ISRG,Intuitive Surgical,Health Care,515.6
2023,2023-01-01,93,KLAC,KLA Corporation,Information Technology,513.7
2023,2023-01-01,94,GE,General Electric,Industrials,509.3
2023,2023-01-01,95,FDX,FedEx,Industrials,508.2
2023,2023-01-01,96,GILD,Gilead Sciences,Health Care,493.0
2023,2023-01-01,97,ELV,Elevance Health,Health Care,491.5
2023,2023-01-01,98,CVS,CVS Health,Health Care,491.3
2023,2023-01-01,99,UPS,United Parcel Service,Industrials,487.5
2023,2023-01-01,100,CSX,CSX,Industrials,479.9
2024,2024-01-01,1,TSLA,"Tesla, Inc.",Consumer Discretionary,29212.0
2024,2024-01-01,2,NVDA,Nvidia,Information Technology,17130.3
2024,2024-01-01,3,AAPL,Apple Inc.,Information Technology,9970.7
2024,2024-01-01,4,MSFT,Microsoft,Information Technology,8367.4
2024,2024-01-01,5,AMZN,Amazon,Consumer Discretionary,7002.2
2024,2024-01-01,6,AMD,Advanced Micro Devices,Information Technology,6361.7
2024,2024-01-01,7,META,Meta Platforms,Communication Services,5978.1
2024,2024-01-01,8,GOOGL,Alphabet Inc. (Class A),Communication Services,3769.3
2024,2024-01-01,9,NFLX,Netflix,Communication Services,2451.3
2024,2024-01-01,10,AVGO,Broadcom Inc.,Information Technology,2071.4
2024,2024-01-01,11,XOM,ExxonMobil,Energy,1695.5
2024,2024-01-01,12,JNJ,Johnson & Johnson,Health Care,1660.7
2024,2024-01-01,13,UNH,UnitedHealth Group,Health Care,1512.1
2024,2024-01-01,14,ADBE,Adobe Inc.,Information Technology,1435.8
2024,2024-01-01,15,JPM,JPMorgan Chase,Financials,1422.3
2024,2024-01-01,16,LLY,Eli Lilly and Company,Health Care,1386.2
2024,2024-01-01,17,INTC,Intel,Information Technology,1374.3
2024,2024-01-01,18,V,Visa Inc.,Financials,1357.8
2024,2024-01-01,19,BAC,Bank of America,Financials,1318.5
2024,2024-01-01,20,CRM,Salesforce,Information Technology,1268.3
2024,2024-01-01,21,BA,Boeing,Industrials,1201.2
2024,2024-01-01,22,CVX,Chevron Corporation,Energy,1198.5
2024,2024-01-01,23,DIS,Walt Disney,Communication Services,1160.2
2024,2024-01-01,24,BRK-B,Berkshire Hathaway,Financials,1117.0
2024,2024-01-01,25,UBER,Uber,Industrials,1057.6
2024,2024-01-01,26,HD,Home Depot (The),Consumer Discretionary,1028.8
2024,2024-01-01,27,PANW,Palo Alto Networks,Information Technology,1007.6
2024,2024-01-01,28,PYPL,PayPal,Financials,999.0
2024,2024-01-01,29,MU,Micron Technology,Information Technology,989.9
2024,2024-01-01,30,MA,Mastercard,Financials,988.9
2024,2024-01-01,31,COST,Costco,Consumer Staples,961.5
2024,2024-01-01,32,ORCL,Oracle Corporation,Information Technology,929.0
2024,2024-01-01,33,WMT,Walmart,Consumer Staples,927.0
2024,2024-01-01,34,QCOM,Qualcomm,Information Technology,903.1
2024,2024-01-01,35,CSCO,Cisco,Information Technology,863.2
2024,2024-01-01,36,PG,Procter & Gamble,Consumer Staples,856.3
2024,2024-01-01,37,SCHW,Charles Schwab Corporation,Financials,824.2
2024,2024-01-01,38,PFE,Pfizer,Health Care,821.6
2024,2024-01-01,39,TMO,Thermo Fisher Scientific,Health Care,818.1
2024,2024-01-01,40,BKNG,Booking Holdings,Consumer Discretionary,801.7
2024,2024-01-01,41,TXN,Texas Instruments,Information Technology,789.4
2024,2024-01-01,42,NKE,"Nike, Inc.",Consumer Discretionary,784.6
2024,2024-01-01,43,ABNB,Airbnb,Consumer Discretionary,773.4
2024,2024-01-01,44,PEP,PepsiCo,Consumer Staples,768.5
2024,2024-01-01,45,AMAT,Applied Materials,Information Technology,756.1
2024,2024-01-01,46,MRK,Merck & Co.,Health Care,747.4
2024,2024-01-01,47,WFC,Wells Fargo,Financials,746.1
2024,2024-01-01,48,KO,Coca-Cola Company (The),Consumer Staples,741.6
2024,2024-01-01,49,C,Citigroup,Financials,730.0
2024,2024-01-01,50,GS,Goldman Sachs,Financials,726.5
2024,2024-01-01,51,ABBV,AbbVie,Health Care,725.4
2024,2024-01-01,52,CAT,Caterpillar Inc.,Industrials,719.4
2024,2024-01-01,53,NOW,ServiceNow,Information Technology,715.8
2024,2024-01-01,54,INTU,Intuit,Information Technology,710.3
2024,2024-01-01,55,TMUS,T-Mobile US,Communication Services,702.7
2024,2024-01-01,56,MCD,McDonald's,Consumer Discretionary,690.0
2024,2024-01-01,57,CMCSA,Comcast,Communication Services,685.9
2024,2024-01-01,58,ENPH,Enphase,Information Technology,684.6
2024,2024-01-01,59,DHR,Danaher Corporation,Health Care,680.2
2024,2024-01-01,60,LRCX,Lam Research,Information Technology,679.1
2024,2024-01-01,61,LULU,Lululemon Athletica,Consumer Discretionary,652.1
2024,2024-01-01,62,VZ,Verizon,Communication Services,643.3
2024,2024-01-01,63,OXY,Occidental Petroleum,Energy,629.5
2024,2024-01-01,64,ACN,Accenture,Information Technology,623.4
2024,2024-01-01,65,LIN,Linde plc,Materials,616.8
2024,2024-01-01,66,NEE,NextEra Energy,Utilities,613.9
2024,2024-01-01,67,SBUX,Starbucks,Consumer Discretionary,608.3
2024,2024-01-01,68,DE,John Deere,Industrials,606.8
2024,2024-01-01,69,MS,Morgan Stanley,Financials,597.4
2024,2024-01-01,70,F,Ford Motor Company,Consumer Discretionary,581.2
2024,2024-01-01,71,COP,ConocoPhillips,Energy,576.2
2024,2024-01-01,72,ADI,Analog Devices,Information Technology,574.8
2024,2024-01-01,73,CVS,CVS Health,Health Care,567.9
2024,2024-01-01,74,GE,General Electric,Industrials,560.6
2024,2024-01-01,75,LOW,Lowe's,Consumer Discretionary,558.6
2024,2024-01-01,76,HUM,Humana,Health Care,556.2
2024,2024-01-01,77,AMGN,Amgen,Health Care,554.8
2024,2024-01-01,78,IBM,IBM,Information Technology,553.3
2024,2024-01-01,79,RTX,RTX Corporation,Industrials,548.2
2024,2024-01-01,80,TGT,Target Corporation,Consumer Staples,546.4
2024,2024-01-01,81,BMY,Bristol Myers Squibb,Health Care,543.4
2024,2024-01-01,82,UNP,Union Pacific Corporation,Industrials,541.4
2024,2024-01-01,83,ON,ON Semiconductor,Information Technology,539.9
2024,2024-01-01,84,T,AT&T,Communication Services,532.6
2024,2024-01-01,85,GM,General Motors,Consumer Discretionary,516.9
2024,2024-01-01,86,LMT,Lockheed Martin,Industrials,511.9
2024,2024-01-01,87,HON,Honeywell,Industrials,508.9
2024,2024-01-01,88,ELV,Elevance Health,Health Care,506.3
2024,2024-01-01,89,ISRG,Intuitive Surgical,Health Care,502.4
2024,2024-01-01,90,ABT,Abbott,Health Care,501.3
2024,2024-01-01,91,CMG,Chipotle Mexican Grill,Consumer Discretionary,499.6
2024,2024-01-01,92,AXP,American Express,Financials,494.7
2024,2024-01-01,93,UPS,United Parcel Service,Industrials,483.9
2024,2024-01-01,94,MRNA,Moderna,Health Care,467.8
2024,2024-01-01,95,CCL,Carnival,Consumer Discretionary,459.1
2024,2024-01-01,96,VLO,Valero Energy,Energy,451.7
2024,2024-01-01,97,FDX,FedEx,Industrials,451.6
2024,2024-01-01,98,SPGI,S&P Global,Financials,450.4
2024,2024-01-01,99,SLB,Schlumberger,Energy,449.2
2024,2024-01-01,100,KLAC,KLA Corporation,Information Technology,447.5
2025,2025-01-01,1,NVDA,Nvidia,Information Technology,37750.7
2025,2025-01-01,2,TSLA,"Tesla, Inc.",Consumer Discretionary,22053.1
2025,2025-01-01,3,AAPL,Apple Inc.,Information Technology,11577.6
2025,2025-01-01,4,AMD,Advanced Micro Devices,Information Technology,8581.5
2025,2025-01-01,5,MSFT,Microsoft,Information Technology,8476.0
2025,2025-01-01,6,AMZN,Amazon,Consumer Discretionary,7524.5
2025,2025-01-01,7,META,Meta Platforms,Communication Services,7278.3
2025,2025-01-01,8,SMCI,Supermicro,Information Technology,5252.5
2025,2025-01-01,9,AVGO,Broadcom,Information Technology,4663.5
2025,2025-01-01,10,GOOGL,Alphabet Inc. (Class A),Communication Services,4430.0
2025,2025-01-01,11,LLY,Lilly (Eli),Health Care,2547.7
2025,2025-01-01,12,NFLX,Netflix,Communication Services,2341.8
2025,2025-01-01,13,MU,Micron Technology,Information Technology,2341.3
2025,2025-01-01,14,PLTR,Palantir Technologies,Information Technology,2266.8
2025,2025-01-01,15,UNH,UnitedHealth Group,Health Care,2048.2
2025,2025-01-01,16,V,Visa Inc.,Financials,1896.6
2025,2025-01-01,17,INTC,Intel,Information Technology,1773.9
2025,2025-01-01,18,JPM,JPMorgan Chase,Financials,1763.3
2025,2025-01-01,19,CRM,Salesforce,Information Technology,1751.9
2025,2025-01-01,20,XOM,ExxonMobil,Energy,1710.8
2025,2025-01-01,21,ADBE,Adobe Inc.,Information Technology,1707.7
2025,2025-01-01,22,BA,Boeing,Industrials,1645.0
2025,2025-01-01,23,COST,Costco,Consumer Staples,1577.5
2025,2025-01-01,24,BRK-B,Berkshire Hathaway,Financials,1574.2
2025,2025-01-01,25,CRWD,CrowdStrike,Information Technology,1497.7
2025,2025-01-01,26,QCOM,Qualcomm,Information Technology,1461.6
2025,2025-01-01,27,BAC,Bank of America,Financials,1402.6
2025,2025-01-01,28,UBER,Uber,Industrials,1342.3
2025,2025-01-01,29,PANW,Palo Alto Networks,Information Technology,1200.2
2025,2025-01-01,30,AMAT,Applied Materials,Information Technology,1184.1
2025,2025-01-01,31,DELL,Dell Technologies,Information Technology,1181.1
2025,2025-01-01,32,HD,Home Depot (The),Consumer Discretionary,1171.6
2025,2025-01-01,33,WMT,Walmart,Consumer Staples,1159.4
2025,2025-01-01,34,MA,Mastercard,Financials,1153.6
2025,2025-01-01,35,ORCL,Oracle Corporation,Information Technology,1152.6
2025,2025-01-01,36,CVX,Chevron Corporation,Energy,1083.8
2025,2025-01-01,37,DIS,Walt Disney Company (The),Communication Services,1067.1
2025,2025-01-01,38,NOW,ServiceNow,Information Technology,1052.2
2025,2025-01-01,39,JNJ,Johnson & Johnson,Health Care,1043.7
2025,2025-01-01,40,PG,Procter & Gamble,Consumer Staples,1042.5
2025,2025-01-01,41,MRK,Merck & Co.,Health Care,1013.4
2025,2025-01-01,42,WFC,Wells Fargo,Financials,1003.1
2025,2025-01-01,43,TXN,Texas Instruments,Information Technology,978.8
2025,2025-01-01,44,GS,Goldman Sachs,Financials,973.2
2025,2025-01-01,45,LRCX,Lam Research,Information Technology,947.0
2025,2025-01-01,46,BKNG,Booking Holdings,Consumer Discretionary,940.3
2025,2025-01-01,47,NKE,"Nike, Inc.",Consumer Discretionary,938.9
2025,2025-01-01,48,PFE,Pfizer,Health Care,928.9
2025,2025-01-01,49,CSCO,Cisco,Information Technology,925.6
2025,2025-01-01,50,GE,GE Aerospace,Industrials,918.3
2025,2025-01-01,51,MCD,McDonald's,Consumer Discretionary,915.1
2025,2025-01-01,52,ABBV,AbbVie,Health Care,914.3
2025,2025-01-01,53,SBUX,Starbucks,Consumer Discretionary,897.3
2025,2025-01-01,54,TMO,Thermo Fisher Scientific,Health Care,863.9
2025,2025-01-01,55,PEP,PepsiCo,Consumer Staples,863.2
2025,2025-01-01,56,ACN,Accenture,Information Technology,862.6
2025,2025-01-01,57,INTU,Intuit,Information Technology,856.6
2025,2025-01-01,58,PYPL,PayPal,Financials,854.5
2025,2025-01-01,59,CAT,Caterpillar Inc.,Industrials,854.3
2025,2025-01-01,60,KO,Coca-Cola Company (The),Consumer Staples,838.7
2025,2025-01-01,61,LIN,Linde plc,Materials,821.9
2025,2025-01-01,62,C,Citigroup,Financials,819.8
2025,2025-01-01,63,TMUS,T-Mobile US,Communication Services,770.5
2025,2025-01-01,64,IBM,IBM,Information Technology,766.7
2025,2025-01-01,65,CMG,Chipotle Mexican Grill,Consumer Discretionary,751.8
2025,2025-01-01,66,AMGN,Amgen,Health Care,747.6
2025,2025-01-01,67,CMCSA,Comcast,Communication Services,736.0
2025,2025-01-01,68,NEE,NextEra Energy,Utilities,709.8
2025,2025-01-01,69,ANET,Arista Networks,Information Technology,704.6
2025,2025-01-01,70,LULU,Lululemon Athletica,Consumer Discretionary,700.7
2025,2025-01-01,71,DHR,Danaher Corporation,Health Care,693.9
2025,2025-01-01,72,KLAC,KLA Corporation,Information Technology,677.7
2025,2025-01-01,73,AXP,American Express,Financials,670.5
2025,2025-01-01,74,CVS,CVS Health,Health Care,668.2
2025,2025-01-01,75,MS,Morgan Stanley,Financials,660.6
2025,2025-01-01,76,ADI,Analog Devices,Information Technology,659.9
2025,2025-01-01,77,VZ,Verizon,Communication Services,657.0
2025,2025-01-01,78,RTX,RTX Corporation,Industrials,641.8
2025,2025-01-01,79,COP,ConocoPhillips,Energy,639.9
2025,2025-01-01,80,GM,General Motors,Consumer Discretionary,638.4
2025,2025-01-01,81,ABNB,Airbnb,Consumer Discretionary,637.1
2025,2025-01-01,82,HON,Honeywell,Industrials,637.1
2025,2025-01-01,83,ETN,Eaton Corporation,Industrials,633.2
2025,2025-01-01,84,ISRG,Intuitive Surgical,Health Care,628.0
2025,2025-01-01,85,BMY,Bristol Myers Squibb,Health Care,621.2
2025,2025-01-01,86,WDAY,"Workday, Inc.",Information Technology,617.9
2025,2025-01-01,87,T,AT&T,Communication Services,615.7
2025,2025-01-01,88,TGT,Target Corporation,Consumer Staples,615.6
2025,2025-01-01,89,VST,Vistra Corp.,Utilities,609.3
2025,2025-01-01,90,CEG,Constellation Energy,Utilities,598.6
2025,2025-01-01,91,ABT,Abbott Laboratories,Health Care,593.1
2025,2025-01-01,92,HUM,Humana,Health Care,586.4
2025,2025-01-01,93,SNPS,Synopsys,Information Technology,578.7
2025,2025-01-01,94,ELV,Elevance Health,Health Care,571.6
2025,2025-01-01,95,LOW,Lowe's,Consumer Discretionary,563.1
2025,2025-01-01,96,FCX,Freeport-McMoRan,Materials,562.1
2025,2025-01-01,97,VRTX,Vertex Pharmaceuticals,Health Care,557.3
2025,2025-01-01,98,TJX,TJX Companies,Consumer Discretionary,550.8
2025,2025-01-01,99,SPGI,S&P Global,Financials,550.5
2025,2025-01-01,100,F,Ford Motor Company,Consumer Discretionary,549.8
2026,2026-01-01,1,TSLA,"Tesla, Inc.",Consumer Discretionary,33714.6
2026,2026-01-01,2,NVDA,Nvidia,Information Technology,32340.9
2026,2026-01-01,3,AAPL,Apple Inc.,Information Technology,12312.9
2026,2026-01-01,4,MSFT,Microsoft,Information Technology,10090.6
2026,2026-01-01,5,META,Meta Platforms,Communication Services,10084.9
2026,2026-01-01,6,PLTR,Palantir Technologies,Information Technology,9845.9
2026,2026-01-01,7,AMZN,Amazon,Consumer Discretionary,9564.8
2026,2026-01-01,8,AMD,Advanced Micro Devices,Information Technology,7590.1
2026,2026-01-01,9,GOOGL,Alphabet Inc. (Class A),Communication Services,7544.6
2026,2026-01-01,10,AVGO,Broadcom,Information Technology,7142.3
2026,2026-01-01,11,NFLX,Netflix,Communication Services,4324.3
2026,2026-01-01,12,ORCL,Oracle Corporation,Information Technology,3800.3
2026,2026-01-01,13,UNH,UnitedHealth Group,Health Care,3787.8
2026,2026-01-01,14,MU,Micron Technology,Information Technology,3350.2
2026,2026-01-01,15,HOOD,Robinhood Markets,Financials,3208.1
2026,2026-01-01,16,LLY,Lilly (Eli),Health Care,3188.4
2026,2026-01-01,17,COIN,Coinbase,Financials,3044.0
2026,2026-01-01,18,APP,AppLovin,Information Technology,2839.4
2026,2026-01-01,19,INTC,Intel,Information Technology,2643.3
2026,2026-01-01,20,JPM,JPMorgan Chase,Financials,2512.1
2026,2026-01-01,21,BRK-B,Berkshire Hathaway,Financials,2349.8
2026,2026-01-01,22,COST,Costco,Consumer Staples,2200.0
2026,2026-01-01,23,V,Visa Inc.,Financials,2162.5
2026,2026-01-01,24,CRM,Salesforce,Information Technology,2035.0
2026,2026-01-01,25,SMCI,Supermicro,Information Technology,1918.6
2026,2026-01-01,26,WMT,Walmart,Consumer Staples,1813.3
2026,2026-01-01,27,BAC,Bank of America,Financials,1784.8
2026,2026-01-01,28,XOM,ExxonMobil,Energy,1711.1
2026,2026-01-01,29,UBER,Uber,Industrials,1700.7
2026,2026-01-01,30,BA,Boeing,Industrials,1629.5
2026,2026-01-01,31,GEV,GE Vernova,Industrials,1610.0
2026,2026-01-01,32,MA,Mastercard,Financials,1516.8
2026,2026-01-01,33,NOW,ServiceNow,Information Technology,1510.3
2026,2026-01-01,34,GS,Goldman Sachs,Financials,1506.8
2026,2026-01-01,35,ADBE,Adobe Inc.,Information Technology,1477.0
2026,2026-01-01,36,JNJ,Johnson & Johnson,Health Care,1449.4
2026,2026-01-01,37,CRWD,CrowdStrike,Information Technology,1442.1
2026,2026-01-01,38,AMAT,Applied Materials,Information Technology,1388.3
2026,2026-01-01,39,CSCO,Cisco,Information Technology,1354.2
2026,2026-01-01,40,QCOM,Qualcomm,Information Technology,1348.3
2026,2026-01-01,41,HD,Home Depot (The),Consumer Discretionary,1330.9
2026,2026-01-01,42,GE,GE Aerospace,Industrials,1277.7
2026,2026-01-01,43,TXN,Texas Instruments,Information Technology,1274.3
2026,2026-01-01,44,PG,Procter & Gamble,Consumer Staples,1255.5
2026,2026-01-01,45,CVX,Chevron Corporation,Energy,1253.0
2026,2026-01-01,46,BKNG,Booking Holdings,Consumer Discretionary,1240.5
2026,2026-01-01,47,C,Citigroup,Financials,1225.9
2026,2026-01-01,48,WFC,Wells Fargo,Financials,1222.1
2026,2026-01-01,49,IBM,IBM,Information Technology,1219.6
2026,2026-01-01,50,MRK,Merck & Co.,Health Care,1216.0
2026,2026-01-01,51,ABBV,AbbVie,Health Care,1216.0
2026,2026-01-01,52,LRCX,Lam Research,Information Technology,1195.9
2026,2026-01-01,53,INTU,Intuit,Information Technology,1185.8
2026,2026-01-01,54,PFE,Pfizer,Health Care,1165.5
2026,2026-01-01,55,PANW,Palo Alto Networks,Information Technology,1153.3
2026,2026-01-01,56,CAT,Caterpillar Inc.,Industrials,1135.0
2026,2026-01-01,57,KO,Coca-Cola Company (The),Consumer Staples,1109.1
2026,2026-01-01,58,PEP,PepsiCo,Consumer Staples,1102.8
2026,2026-01-01,59,TMO,Thermo Fisher Scientific,Health Care,1088.5
2026,2026-01-01,60,NKE,"Nike, Inc.",Consumer Discretionary,1069.0
2026,2026-01-01,61,ACN,Accenture,Information Technology,1064.1
2026,2026-01-01,62,ANET,Arista Networks,Information Technology,1057.5
2026,2026-01-01,63,ISRG,Intuitive Surgical,Health Care,1052.7
2026,2026-01-01,64,DIS,Walt Disney Company (The),Communication Services,1029.1
2026,2026-01-01,65,TMUS,T-Mobile US,Communication Services,1022.7
2026,2026-01-01,66,MCD,McDonald's,Consumer Discretionary,1002.7
2026,2026-01-01,67,T,AT&T,Communication Services,987.3
2026,2026-01-01,68,VST,Vistra Corp.,Utilities,986.4
2026,2026-01-01,69,DASH,DoorDash,Consumer Discretionary,976.4
2026,2026-01-01,70,LIN,Linde plc,Materials,960.4
2026,2026-01-01,71,CEG,Constellation Energy,Utilities,951.2
2026,2026-01-01,72,KLAC,KLA Corporation,Information Technology,944.4
2026,2026-01-01,73,PM,Philip Morris International,Consumer Staples,933.1
2026,2026-01-01,74,F,Ford Motor Company,Consumer Discretionary,930.8
2026,2026-01-01,75,ETN,Eaton Corporation,Industrials,914.4
2026,2026-01-01,76,SNPS,Synopsys,Information Technology,899.0
2026,2026-01-01,77,SBUX,Starbucks,Consumer Discretionary,885.0
2026,2026-01-01,78,VZ,Verizon,Communication Services,880.4
2026,2026-01-01,79,PYPL,PayPal,Financials,866.8
2026,2026-01-01,80,AXP,American Express,Financials,849.1
2026,2026-01-01,81,ADI,Analog Devices,Information Technology,844.9
2026,2026-01-01,82,HON,Honeywell,Industrials,842.1
2026,2026-01-01,83,DHR,Danaher Corporation,Health Care,835.8
2026,2026-01-01,84,GILD,Gilead Sciences,Health Care,835.2
2026,2026-01-01,85,MS,Morgan Stanley,Financials,832.3
2026,2026-01-01,86,CMCSA,Comcast,Communication Services,823.3
2026,2026-01-01,87,SCHW,Charles Schwab Corporation,Financials,819.7
2026,2026-01-01,88,ABT,Abbott Laboratories,Health Care,818.1
2026,2026-01-01,89,DELL,Dell Technologies,Information Technology,817.7
2026,2026-01-01,90,BSX,Boston Scientific,Health Care,814.6
2026,2026-01-01,91,APH,Amphenol,Information Technology,809.5
2026,2026-01-01,92,LULU,Lululemon Athletica,Consumer Discretionary,803.5
2026,2026-01-01,93,COF,Capital One,Financials,802.1
2026,2026-01-01,94,SNDK,Sandisk,Information Technology,790.9
2026,2026-01-01,95,AMGN,Amgen,Health Care,789.5
2026,2026-01-01,96,NEE,NextEra Energy,Utilities,788.0
2026,2026-01-01,97,UNP,Union Pacific Corporation,Industrials,765.4
2026,2026-01-01,98,PGR,Progressive Corporation,Financials,761.3
2026,2026-01-01,99,CMG,Chipotle Mexican Grill,Consumer Discretionary,739.8
2026,2026-01-01,100,TTD,Trade Desk (The),Communication Services,729.8
